Plant_Species,Salmonella Typhimurium,Reference,Bit_1607,BitInterpretations
Artemisia chamaemelifolia,1,DOI:10.1590/S0102-695X2013000600002,1,"{1: [(1, 'C', 0, '')], 283: [(0, 'C', 1, 'CC'), (2, 'C', 1, 'CC')], 287: [(6, 'C', 2, 'ccc(C)c(c)O')], 598: [(1, 'C', 1, 'CC(C)c')], 741: [(8, 'C', 2, 'ccc(O)c(c)C')], 807: [(9, 'O', 0, '')], 875: [(10, 'C', 1, 'ccc')], 1057: [(0, 'C', 0, ''), (2, 'C', 0, ''), (7, 'C', 0, '')], 1365: [(3, 'C', 1, 'cc(c)C')], 1380: [(3, 'C', 0, ''), (6, 'C', 0, ''), (8, 'C', 0, '')], 1391: [(6, 'C', 1, 'cc(c)C')], 1602: [(9, 'O', 1, 'cO')], 1607: [(8, 'C', 1, 'cc(c)O')], 1691: [(5, 'C', 2, 'cccc(c)C')], 1722: [(7, 'C', 1, 'cC')], 1750: [(4, 'C', 1, 'ccc'), (5, 'C', 1, 'ccc')], 1784: [(10, 'C', 2, 'cc(C)cc(c)O')], 1804: [(1, 'C', 2, 'cc(c)C(C)C')], 1853: [(4, 'C', 2, 'cccc(c)C')], 1873: [(4, 'C', 0, ''), (5, 'C', 0, ''), (10, 'C', 0, '')], 1930: [(3, 'C', 2, 'ccc(cc)C(C)C')]}; {19: [(7, 'C', 2, 'COC(C)(C)C(C)C')], 198: [(1, 'C', 2, 'CCC(C)(CC)OC')], 391: [(4, 'C', 2, 'CCC(CC)C(C)(C)O')], 528: [(4, 'C', 1, 'CC(C)C')], 656: [(10, 'O', 0, '')], 675: [(1, 'C', 1, 'CC(C)(C)O')], 926: [(2, 'C', 0, ''), (3, 'C', 0, ''), (5, 'C', 0, ''), (6, 'C', 0, '')], 1019: [(4, 'C', 0, '')], 1057: [(0, 'C', 0, ''), (8, 'C', 0, ''), (9, 'C', 0, '')], 1060: [(1, 'C', 0, ''), (7, 'C', 0, '')], 1162: [(2, 'C', 1, 'CCC'), (6, 'C', 1, 'CCC')], 1258: [(3, 'C', 2, 'CCCC(C)C'), (5, 'C', 2, 'CCCC(C)C')], 1274: [(0, 'C', 1, 'CC'), (8, 'C', 1, 'CC'), (9, 'C', 1, 'CC')], 1325: [(3, 'C', 1, 'CCC'), (5, 'C', 1, 'CCC')], 1424: [(7, 'C', 1, 'CC(C)(C)O')], 1516: [(10, 'O', 2, 'CC(C)(C)OC(C)(C)C')], 1714: [(2, 'C', 2, 'CCCC(C)(C)O'), (6, 'C', 2, 'CCCC(C)(C)O')], 1730: [(10, 'O', 1, 'COC')]}; {80: [(4, 'C', 0, ''), (5, 'C', 0, ''), (9, 'C', 0, ''), (10, 'C', 0, '')], 101: [(5, 'C', 2, 'C=C(C)CCC')], 114: [(11, 'C', 0, '')], 237: [(8, 'C', 2, 'CCC=C(C)C')], 357: [(4, 'C', 2, 'C=CCCC')], 385: [(6, 'C', 2, 'C/C=C(\\C)CC')], 392: [(12, 'C', 1, 'CC')], 401: [(4, 'C', 1, 'CCC'), (9, 'C', 1, 'CCC')], 479: [(3, 'C', 1, 'C=CC'), (8, 'C', 1, 'C=CC')], 694: [(3, 'C', 0, ''), (8, 'C', 0, ''), (14, 'C', 0, '')], 807: [(1, 'C', 0, ''), (6, 'C', 0, ''), (13, 'O', 0, '')], 906: [(14, 'C', 2, 'C=CC(C)(C)O')], 973: [(10, 'C', 2, 'CCCC(C)(C)O')], 1017: [(0, 'C', 1, 'CC'), (2, 'C', 1, 'CC'), (7, 'C', 1, 'CC')], 1057: [(0, 'C', 0, ''), (2, 'C', 0, ''), (7, 'C', 0, ''), (12, 'C', 0, '')], 1125: [(9, 'C', 2, 'C=CCCC')], 1257: [(1, 'C', 1, 'C=C(C)C')], 1308: [(10, 'C', 1, 'CCC')], 1366: [(15, 'C', 0, '')], 1485: [(14, 'C', 1, 'C=CC')], 1564: [(5, 'C', 1, 'CCC')], 1574: [(3, 'C', 2, 'CCC=C(C)C')], 1582: [(1, 'C', 2, 'CC=C(C)C')], 1645: [(15, 'C', 1, 'C=C')], 1714: [(6, 'C', 1, 'C=C(C)C')], 1722: [(11, 'C', 1, 'CC(C)(C)O')], 1908: [(13, 'O', 1, 'CO')], 1999: [(11, 'C', 2, 'C=CC(C)(O)CC')]}; {80: [(4, 'C', 0, ''), (5, 'C', 0, ''), (9, 'C', 0, ''), (10, 'C', 0, '')], 101: [(5, 'C', 2, 'C=C(C)CCC')], 114: [(11, 'C', 0, '')], 237: [(8, 'C', 2, 'CCC=C(C)C')], 357: [(4, 'C', 2, 'C=CCCC')], 385: [(6, 'C', 2, 'C/C=C(/C)CC')], 392: [(12, 'C', 1, 'CC')], 401: [(4, 'C', 1, 'CCC'), (9, 'C', 1, 'CCC')], 479: [(3, 'C', 1, 'C=CC'), (8, 'C', 1, 'C=CC')], 694: [(3, 'C', 0, ''), (8, 'C', 0, ''), (14, 'C', 0, '')], 807: [(1, 'C', 0, ''), (6, 'C', 0, ''), (13, 'O', 0, '')], 906: [(14, 'C', 2, 'C=CC(C)(C)O')], 973: [(10, 'C', 2, 'CCCC(C)(C)O')], 1017: [(0, 'C', 1, 'CC'), (2, 'C', 1, 'CC'), (7, 'C', 1, 'CC')], 1057: [(0, 'C', 0, ''), (2, 'C', 0, ''), (7, 'C', 0, ''), (12, 'C', 0, '')], 1125: [(9, 'C', 2, 'C=CCCC')], 1257: [(1, 'C', 1, 'C=C(C)C')], 1308: [(10, 'C', 1, 'CCC')], 1366: [(15, 'C', 0, '')], 1485: [(14, 'C', 1, 'C=CC')], 1564: [(5, 'C', 1, 'CCC')], 1574: [(3, 'C', 2, 'CCC=C(C)C')], 1582: [(1, 'C', 2, 'CC=C(C)C')], 1645: [(15, 'C', 1, 'C=C')], 1714: [(6, 'C', 1, 'C=C(C)C')], 1722: [(11, 'C', 1, 'CC(C)(C)O')], 1908: [(13, 'O', 1, 'CO')], 1999: [(11, 'C', 2, 'C=CC(C)(O)CC')]}"
Artemisia scoparia,1,DOI:10.1177/1934578X20915034,1,"{80: [(8, 'C', 0, '')], 249: [(1, 'O', 2, 'cc(c)OC')], 310: [(6, 'C', 2, 'cccc(c)C')], 614: [(2, 'C', 2, 'ccc(OC)c(c)O')], 623: [(8, 'C', 1, 'cCC')], 694: [(9, 'C', 0, '')], 695: [(1, 'O', 0, '')], 807: [(4, 'O', 0, '')], 841: [(0, 'C', 1, 'CO')], 875: [(11, 'C', 1, 'ccc')], 940: [(9, 'C', 1, 'C=CC')], 1027: [(11, 'C', 2, 'cc(C)cc(c)O')], 1036: [(7, 'C', 2, 'ccc(cc)CC')], 1057: [(0, 'C', 0, '')], 1168: [(3, 'C', 2, 'ccc(O)c(c)O')], 1366: [(10, 'C', 0, '')], 1380: [(2, 'C', 0, ''), (3, 'C', 0, ''), (7, 'C', 0, '')], 1475: [(5, 'C', 2, 'cccc(c)O')], 1536: [(1, 'O', 1, 'COc')], 1602: [(4, 'O', 1, 'cO')], 1607: [(3, 'C', 1, 'cc(c)O')], 1640: [(9, 'C', 2, 'C=CCc')], 1645: [(10, 'C', 1, 'C=C')], 1740: [(8, 'C', 2, 'C=CCc(c)c')], 1750: [(5, 'C', 1, 'ccc'), (6, 'C', 1, 'ccc')], 1754: [(7, 'C', 1, 'cc(c)C')], 1873: [(5, 'C', 0, ''), (6, 'C', 0, ''), (11, 'C', 0, '')], 1970: [(2, 'C', 1, 'cc(c)O')]}"
Cinnamomum zeylanicum,1,10.1007/s10068-017-0241-9,1,"{80: [(8, 'C', 0, '')], 249: [(1, 'O', 2, 'cc(c)OC')], 310: [(6, 'C', 2, 'cccc(c)C')], 614: [(2, 'C', 2, 'ccc(OC)c(c)O')], 623: [(8, 'C', 1, 'cCC')], 694: [(9, 'C', 0, '')], 695: [(1, 'O', 0, '')], 807: [(4, 'O', 0, '')], 841: [(0, 'C', 1, 'CO')], 875: [(11, 'C', 1, 'ccc')], 940: [(9, 'C', 1, 'C=CC')], 1027: [(11, 'C', 2, 'cc(C)cc(c)O')], 1036: [(7, 'C', 2, 'ccc(cc)CC')], 1057: [(0, 'C', 0, '')], 1168: [(3, 'C', 2, 'ccc(O)c(c)O')], 1366: [(10, 'C', 0, '')], 1380: [(2, 'C', 0, ''), (3, 'C', 0, ''), (7, 'C', 0, '')], 1475: [(5, 'C', 2, 'cccc(c)O')], 1536: [(1, 'O', 1, 'COc')], 1602: [(4, 'O', 1, 'cO')], 1607: [(3, 'C', 1, 'cc(c)O')], 1640: [(9, 'C', 2, 'C=CCc')], 1645: [(10, 'C', 1, 'C=C')], 1740: [(8, 'C', 2, 'C=CCc(c)c')], 1750: [(5, 'C', 1, 'ccc'), (6, 'C', 1, 'ccc')], 1754: [(7, 'C', 1, 'cc(c)C')], 1873: [(5, 'C', 0, ''), (6, 'C', 0, ''), (11, 'C', 0, '')], 1970: [(2, 'C', 1, 'cc(c)O')]}"
Coleus aromaticus,1,DOI:10.1155/2012/457150,1,"{1: [(1, 'C', 0, '')], 283: [(0, 'C', 1, 'CC'), (2, 'C', 1, 'CC')], 287: [(6, 'C', 2, 'ccc(C)c(c)O')], 598: [(1, 'C', 1, 'CC(C)c')], 741: [(8, 'C', 2, 'ccc(O)c(c)C')], 807: [(9, 'O', 0, '')], 875: [(10, 'C', 1, 'ccc')], 1057: [(0, 'C', 0, ''), (2, 'C', 0, ''), (7, 'C', 0, '')], 1365: [(3, 'C', 1, 'cc(c)C')], 1380: [(3, 'C', 0, ''), (6, 'C', 0, ''), (8, 'C', 0, '')], 1391: [(6, 'C', 1, 'cc(c)C')], 1602: [(9, 'O', 1, 'cO')], 1607: [(8, 'C', 1, 'cc(c)O')], 1691: [(5, 'C', 2, 'cccc(c)C')], 1722: [(7, 'C', 1, 'cC')], 1750: [(4, 'C', 1, 'ccc'), (5, 'C', 1, 'ccc')], 1784: [(10, 'C', 2, 'cc(C)cc(c)O')], 1804: [(1, 'C', 2, 'cc(c)C(C)C')], 1853: [(4, 'C', 2, 'cccc(c)C')], 1873: [(4, 'C', 0, ''), (5, 'C', 0, ''), (10, 'C', 0, '')], 1930: [(3, 'C', 2, 'ccc(cc)C(C)C')]}; {1: [(1, 'C', 0, '')], 121: [(1, 'C', 2, 'cc(c)C(C)C')], 142: [(8, 'C', 2, 'cc(C)cc(c)O')], 235: [(5, 'C', 2, 'cccc(c)C')], 237: [(3, 'C', 1, 'cc(c)C')], 283: [(0, 'C', 1, 'CC'), (2, 'C', 1, 'CC')], 448: [(3, 'C', 2, 'ccc(c(c)O)C(C)C')], 598: [(1, 'C', 1, 'CC(C)c')], 805: [(4, 'C', 2, 'cccc(c)C')], 807: [(10, 'O', 0, '')], 875: [(8, 'C', 1, 'ccc')], 1013: [(6, 'C', 2, 'ccc(C)cc')], 1057: [(0, 'C', 0, ''), (2, 'C', 0, ''), (7, 'C', 0, '')], 1380: [(3, 'C', 0, ''), (6, 'C', 0, ''), (9, 'C', 0, '')], 1602: [(10, 'O', 1, 'cO')], 1607: [(9, 'C', 1, 'cc(c)O')], 1722: [(7, 'C', 1, 'cC')], 1750: [(4, 'C', 1, 'ccc'), (5, 'C', 1, 'ccc')], 1823: [(6, 'C', 1, 'cc(c)C')], 1873: [(4, 'C', 0, ''), (5, 'C', 0, ''), (8, 'C', 0, '')], 1875: [(9, 'C', 2, 'ccc(O)c(c)C')]}"
Coridothymus capitatus,1,DOI:10.1111/j.1600-0463.2005.apm1130101.x,1,"{1: [(1, 'C', 0, '')], 283: [(0, 'C', 1, 'CC'), (2, 'C', 1, 'CC')], 287: [(6, 'C', 2, 'ccc(C)c(c)O')], 598: [(1, 'C', 1, 'CC(C)c')], 741: [(8, 'C', 2, 'ccc(O)c(c)C')], 807: [(9, 'O', 0, '')], 875: [(10, 'C', 1, 'ccc')], 1057: [(0, 'C', 0, ''), (2, 'C', 0, ''), (7, 'C', 0, '')], 1365: [(3, 'C', 1, 'cc(c)C')], 1380: [(3, 'C', 0, ''), (6, 'C', 0, ''), (8, 'C', 0, '')], 1391: [(6, 'C', 1, 'cc(c)C')], 1602: [(9, 'O', 1, 'cO')], 1607: [(8, 'C', 1, 'cc(c)O')], 1691: [(5, 'C', 2, 'cccc(c)C')], 1722: [(7, 'C', 1, 'cC')], 1750: [(4, 'C', 1, 'ccc'), (5, 'C', 1, 'ccc')], 1784: [(10, 'C', 2, 'cc(C)cc(c)O')], 1804: [(1, 'C', 2, 'cc(c)C(C)C')], 1853: [(4, 'C', 2, 'cccc(c)C')], 1873: [(4, 'C', 0, ''), (5, 'C', 0, ''), (10, 'C', 0, '')], 1930: [(3, 'C', 2, 'ccc(cc)C(C)C')]}"
Corydothymus capitatus,1,DOI:10.1016/j.foodcont.2005.11.009,1,"{1: [(1, 'C', 0, '')], 283: [(0, 'C', 1, 'CC'), (2, 'C', 1, 'CC')], 287: [(6, 'C', 2, 'ccc(C)c(c)O')], 598: [(1, 'C', 1, 'CC(C)c')], 741: [(8, 'C', 2, 'ccc(O)c(c)C')], 807: [(9, 'O', 0, '')], 875: [(10, 'C', 1, 'ccc')], 1057: [(0, 'C', 0, ''), (2, 'C', 0, ''), (7, 'C', 0, '')], 1365: [(3, 'C', 1, 'cc(c)C')], 1380: [(3, 'C', 0, ''), (6, 'C', 0, ''), (8, 'C', 0, '')], 1391: [(6, 'C', 1, 'cc(c)C')], 1602: [(9, 'O', 1, 'cO')], 1607: [(8, 'C', 1, 'cc(c)O')], 1691: [(5, 'C', 2, 'cccc(c)C')], 1722: [(7, 'C', 1, 'cC')], 1750: [(4, 'C', 1, 'ccc'), (5, 'C', 1, 'ccc')], 1784: [(10, 'C', 2, 'cc(C)cc(c)O')], 1804: [(1, 'C', 2, 'cc(c)C(C)C')], 1853: [(4, 'C', 2, 'cccc(c)C')], 1873: [(4, 'C', 0, ''), (5, 'C', 0, ''), (10, 'C', 0, '')], 1930: [(3, 'C', 2, 'ccc(cc)C(C)C')]}"
Eugenia caryophyllus,1,DOI:10.1016/j.foodcont.2005.11.009,1,"{80: [(10, 'C', 0, '')], 94: [(9, 'C', 2, 'cccc(c)O')], 249: [(13, 'O', 2, 'cc(c)OC')], 310: [(8, 'C', 2, 'cccc(c)C')], 623: [(10, 'C', 1, 'cCC')], 650: [(2, 'O', 0, '')], 694: [(11, 'C', 0, '')], 695: [(3, 'O', 0, ''), (13, 'O', 0, '')], 807: [(1, 'C', 0, '')], 841: [(14, 'C', 1, 'CO')], 875: [(6, 'C', 1, 'ccc')], 934: [(4, 'C', 2, 'ccc(OC)c(c)O')], 940: [(11, 'C', 1, 'C=CC')], 1017: [(0, 'C', 1, 'CC')], 1027: [(6, 'C', 2, 'cc(C)cc(c)O')], 1035: [(1, 'C', 1, 'CC(=O)O')], 1036: [(7, 'C', 2, 'ccc(cc)CC')], 1057: [(0, 'C', 0, ''), (14, 'C', 0, '')], 1245: [(5, 'C', 2, 'ccc(OC)c(c)O')], 1366: [(12, 'C', 0, '')], 1380: [(4, 'C', 0, ''), (5, 'C', 0, ''), (7, 'C', 0, '')], 1468: [(3, 'O', 2, 'cc(c)OC(C)=O')], 1536: [(13, 'O', 1, 'cOC')], 1640: [(11, 'C', 2, 'C=CCc')], 1645: [(12, 'C', 1, 'C=C')], 1729: [(3, 'O', 1, 'COc')], 1740: [(10, 'C', 2, 'C=CCc(c)c')], 1750: [(8, 'C', 1, 'ccc'), (9, 'C', 1, 'ccc')], 1754: [(7, 'C', 1, 'cc(c)C')], 1775: [(1, 'C', 2, 'cOC(C)=O')], 1873: [(6, 'C', 0, ''), (8, 'C', 0, ''), (9, 'C', 0, '')], 1917: [(2, 'O', 1, 'C=O')], 1970: [(5, 'C', 1, 'cc(c)O'), (4, 'C', 1, 'cc(c)O')]}; {25: [(4, 'C', 2, 'C=C(C)CCC'), (2, 'C', 2, 'CCC=C(C)C')], 35: [(6, 'C', 1, 'C=C')], 61: [(13, 'C', 2, 'CCCC(C)C')], 455: [(7, 'C', 1, 'CC(C)C')], 519: [(12, 'C', 1, 'CC(C)C')], 574: [(5, 'C', 1, 'C=C(C)C')], 679: [(8, 'C', 1, 'CCC')], 835: [(14, 'C', 2, 'C=C(C)CCC')], 872: [(1, 'C', 2, 'C/C=C(/C)CC')], 903: [(5, 'C', 2, 'C=C(CC)C(C)C')], 926: [(3, 'C', 0, ''), (4, 'C', 0, ''), (8, 'C', 0, ''), (13, 'C', 0, ''), (14, 'C', 0, '')], 1019: [(7, 'C', 0, ''), (12, 'C', 0, '')], 1057: [(0, 'C', 0, ''), (10, 'C', 0, ''), (11, 'C', 0, '')], 1060: [(9, 'C', 0, '')], 1072: [(3, 'C', 2, 'C=CCCC')], 1147: [(3, 'C', 1, 'CCC')], 1232: [(9, 'C', 1, 'CC(C)(C)C')], 1274: [(10, 'C', 1, 'CC'), (11, 'C', 1, 'CC')], 1325: [(13, 'C', 1, 'CCC')], 1330: [(9, 'C', 2, 'CC1CCC1(C)C')], 1366: [(6, 'C', 0, '')], 1380: [(1, 'C', 0, ''), (5, 'C', 0, '')], 1487: [(8, 'C', 2, 'CC1CC(C)(C)C1')], 1501: [(12, 'C', 2, 'CCC1C(C)CC1(C)C')], 1722: [(0, 'C', 1, 'CC')], 1738: [(4, 'C', 1, 'CCC'), (14, 'C', 1, 'CCC')], 1781: [(2, 'C', 1, 'C=CC')], 1873: [(2, 'C', 0, '')], 1934: [(7, 'C', 2, 'C=C(C)C1CCC1C')], 1979: [(1, 'C', 1, 'C=C(C)C')]}; {80: [(8, 'C', 0, '')], 249: [(1, 'O', 2, 'cc(c)OC')], 310: [(6, 'C', 2, 'cccc(c)C')], 614: [(2, 'C', 2, 'ccc(OC)c(c)O')], 623: [(8, 'C', 1, 'cCC')], 694: [(9, 'C', 0, '')], 695: [(1, 'O', 0, '')], 807: [(4, 'O', 0, '')], 841: [(0, 'C', 1, 'CO')], 875: [(11, 'C', 1, 'ccc')], 940: [(9, 'C', 1, 'C=CC')], 1027: [(11, 'C', 2, 'cc(C)cc(c)O')], 1036: [(7, 'C', 2, 'ccc(cc)CC')], 1057: [(0, 'C', 0, '')], 1168: [(3, 'C', 2, 'ccc(O)c(c)O')], 1366: [(10, 'C', 0, '')], 1380: [(2, 'C', 0, ''), (3, 'C', 0, ''), (7, 'C', 0, '')], 1475: [(5, 'C', 2, 'cccc(c)O')], 1536: [(1, 'O', 1, 'COc')], 1602: [(4, 'O', 1, 'cO')], 1607: [(3, 'C', 1, 'cc(c)O')], 1640: [(9, 'C', 2, 'C=CCc')], 1645: [(10, 'C', 1, 'C=C')], 1740: [(8, 'C', 2, 'C=CCc(c)c')], 1750: [(5, 'C', 1, 'ccc'), (6, 'C', 1, 'ccc')], 1754: [(7, 'C', 1, 'cc(c)C')], 1873: [(5, 'C', 0, ''), (6, 'C', 0, ''), (11, 'C', 0, '')], 1970: [(2, 'C', 1, 'cc(c)O')]}"
Lippia graveolens,1,DOI:10.3390/pathogens12101245,1,"{1: [(1, 'C', 0, '')], 283: [(0, 'C', 1, 'CC'), (2, 'C', 1, 'CC')], 287: [(6, 'C', 2, 'ccc(C)c(c)O')], 598: [(1, 'C', 1, 'CC(C)c')], 741: [(8, 'C', 2, 'ccc(O)c(c)C')], 807: [(9, 'O', 0, '')], 875: [(10, 'C', 1, 'ccc')], 1057: [(0, 'C', 0, ''), (2, 'C', 0, ''), (7, 'C', 0, '')], 1365: [(3, 'C', 1, 'cc(c)C')], 1380: [(3, 'C', 0, ''), (6, 'C', 0, ''), (8, 'C', 0, '')], 1391: [(6, 'C', 1, 'cc(c)C')], 1602: [(9, 'O', 1, 'cO')], 1607: [(8, 'C', 1, 'cc(c)O')], 1691: [(5, 'C', 2, 'cccc(c)C')], 1722: [(7, 'C', 1, 'cC')], 1750: [(4, 'C', 1, 'ccc'), (5, 'C', 1, 'ccc')], 1784: [(10, 'C', 2, 'cc(C)cc(c)O')], 1804: [(1, 'C', 2, 'cc(c)C(C)C')], 1853: [(4, 'C', 2, 'cccc(c)C')], 1873: [(4, 'C', 0, ''), (5, 'C', 0, ''), (10, 'C', 0, '')], 1930: [(3, 'C', 2, 'ccc(cc)C(C)C')]}; {1: [(1, 'C', 0, '')], 121: [(1, 'C', 2, 'cc(c)C(C)C')], 142: [(8, 'C', 2, 'cc(C)cc(c)O')], 235: [(5, 'C', 2, 'cccc(c)C')], 237: [(3, 'C', 1, 'cc(c)C')], 283: [(0, 'C', 1, 'CC'), (2, 'C', 1, 'CC')], 448: [(3, 'C', 2, 'ccc(c(c)O)C(C)C')], 598: [(1, 'C', 1, 'CC(C)c')], 805: [(4, 'C', 2, 'cccc(c)C')], 807: [(10, 'O', 0, '')], 875: [(8, 'C', 1, 'ccc')], 1013: [(6, 'C', 2, 'ccc(C)cc')], 1057: [(0, 'C', 0, ''), (2, 'C', 0, ''), (7, 'C', 0, '')], 1380: [(3, 'C', 0, ''), (6, 'C', 0, ''), (9, 'C', 0, '')], 1602: [(10, 'O', 1, 'cO')], 1607: [(9, 'C', 1, 'cc(c)O')], 1722: [(7, 'C', 1, 'cC')], 1750: [(4, 'C', 1, 'ccc'), (5, 'C', 1, 'ccc')], 1823: [(6, 'C', 1, 'cc(c)C')], 1873: [(4, 'C', 0, ''), (5, 'C', 0, ''), (8, 'C', 0, '')], 1875: [(9, 'C', 2, 'ccc(O)c(c)C')]}"
Majorana hortensis,1,DOI:10.1155/2016/3694901,1,"{1: [(1, 'C', 0, '')], 121: [(1, 'C', 2, 'cc(c)C(C)C')], 142: [(8, 'C', 2, 'cc(C)cc(c)O')], 235: [(5, 'C', 2, 'cccc(c)C')], 237: [(3, 'C', 1, 'cc(c)C')], 283: [(0, 'C', 1, 'CC'), (2, 'C', 1, 'CC')], 448: [(3, 'C', 2, 'ccc(c(c)O)C(C)C')], 598: [(1, 'C', 1, 'CC(C)c')], 805: [(4, 'C', 2, 'cccc(c)C')], 807: [(10, 'O', 0, '')], 875: [(8, 'C', 1, 'ccc')], 1013: [(6, 'C', 2, 'ccc(C)cc')], 1057: [(0, 'C', 0, ''), (2, 'C', 0, ''), (7, 'C', 0, '')], 1380: [(3, 'C', 0, ''), (6, 'C', 0, ''), (9, 'C', 0, '')], 1602: [(10, 'O', 1, 'cO')], 1607: [(9, 'C', 1, 'cc(c)O')], 1722: [(7, 'C', 1, 'cC')], 1750: [(4, 'C', 1, 'ccc'), (5, 'C', 1, 'ccc')], 1823: [(6, 'C', 1, 'cc(c)C')], 1873: [(4, 'C', 0, ''), (5, 'C', 0, ''), (8, 'C', 0, '')], 1875: [(9, 'C', 2, 'ccc(O)c(c)C')]}; {1: [(1, 'C', 0, '')], 61: [(10, 'C', 1, 'CCC')], 150: [(1, 'C', 1, 'CC(C)C')], 283: [(0, 'C', 1, 'CC'), (2, 'C', 1, 'CC')], 499: [(10, 'C', 2, 'C=CCC(C)(C)O')], 807: [(4, 'O', 0, '')], 872: [(7, 'C', 2, 'CC=C(C)CC')], 926: [(5, 'C', 0, ''), (6, 'C', 0, ''), (10, 'C', 0, '')], 1057: [(0, 'C', 0, ''), (2, 'C', 0, ''), (8, 'C', 0, '')], 1060: [(3, 'C', 0, '')], 1154: [(4, 'O', 1, 'CO')], 1162: [(5, 'C', 1, 'CCC')], 1164: [(1, 'C', 2, 'CC(C)C(C)(C)O')], 1324: [(3, 'C', 1, 'CC(C)(C)O')], 1380: [(7, 'C', 0, '')], 1677: [(5, 'C', 2, 'CCCC(C)(C)O')], 1689: [(3, 'C', 2, 'CCC(O)(CC)C(C)C')], 1722: [(8, 'C', 1, 'CC')], 1738: [(6, 'C', 1, 'CCC')], 1781: [(9, 'C', 1, 'C=CC')], 1873: [(9, 'C', 0, '')], 1900: [(9, 'C', 2, 'CCC=C(C)C')], 1960: [(6, 'C', 2, 'C=C(C)CCC')], 1979: [(7, 'C', 1, 'C=C(C)C')]}; {80: [(4, 'C', 0, ''), (5, 'C', 0, '')], 114: [(6, 'C', 0, '')], 392: [(7, 'C', 1, 'CC')], 401: [(4, 'C', 1, 'CCC')], 479: [(3, 'C', 1, 'C=CC')], 694: [(3, 'C', 0, ''), (9, 'C', 0, '')], 807: [(1, 'C', 0, ''), (8, 'O', 0, '')], 906: [(9, 'C', 2, 'C=CC(C)(C)O')], 973: [(5, 'C', 2, 'CCCC(C)(C)O')], 1017: [(0, 'C', 1, 'CC'), (2, 'C', 1, 'CC')], 1057: [(0, 'C', 0, ''), (2, 'C', 0, ''), (7, 'C', 0, '')], 1125: [(4, 'C', 2, 'C=CCCC')], 1257: [(1, 'C', 1, 'C=C(C)C')], 1308: [(5, 'C', 1, 'CCC')], 1366: [(10, 'C', 0, '')], 1485: [(9, 'C', 1, 'C=CC')], 1574: [(3, 'C', 2, 'CCC=C(C)C')], 1582: [(1, 'C', 2, 'CC=C(C)C')], 1645: [(10, 'C', 1, 'C=C')], 1722: [(6, 'C', 1, 'CC(C)(C)O')], 1908: [(8, 'O', 1, 'CO')], 1999: [(6, 'C', 2, 'C=CC(C)(O)CC')]}"
Ocimum gratissimum,1,DOI:10.1016/j.micpath.2018.03.041,1,"{25: [(4, 'C', 2, 'C=C(C)CCC'), (2, 'C', 2, 'CCC=C(C)C')], 35: [(6, 'C', 1, 'C=C')], 61: [(13, 'C', 2, 'CCCC(C)C')], 455: [(7, 'C', 1, 'CC(C)C')], 519: [(12, 'C', 1, 'CC(C)C')], 574: [(5, 'C', 1, 'C=C(C)C')], 679: [(8, 'C', 1, 'CCC')], 835: [(14, 'C', 2, 'C=C(C)CCC')], 872: [(1, 'C', 2, 'C/C=C(/C)CC')], 903: [(5, 'C', 2, 'C=C(CC)C(C)C')], 926: [(3, 'C', 0, ''), (4, 'C', 0, ''), (8, 'C', 0, ''), (13, 'C', 0, ''), (14, 'C', 0, '')], 1019: [(7, 'C', 0, ''), (12, 'C', 0, '')], 1057: [(0, 'C', 0, ''), (10, 'C', 0, ''), (11, 'C', 0, '')], 1060: [(9, 'C', 0, '')], 1072: [(3, 'C', 2, 'C=CCCC')], 1147: [(3, 'C', 1, 'CCC')], 1232: [(9, 'C', 1, 'CC(C)(C)C')], 1274: [(10, 'C', 1, 'CC'), (11, 'C', 1, 'CC')], 1325: [(13, 'C', 1, 'CCC')], 1330: [(9, 'C', 2, 'CC1CCC1(C)C')], 1366: [(6, 'C', 0, '')], 1380: [(1, 'C', 0, ''), (5, 'C', 0, '')], 1487: [(8, 'C', 2, 'CC1CC(C)(C)C1')], 1501: [(12, 'C', 2, 'CCC1C(C)CC1(C)C')], 1722: [(0, 'C', 1, 'CC')], 1738: [(4, 'C', 1, 'CCC'), (14, 'C', 1, 'CCC')], 1781: [(2, 'C', 1, 'C=CC')], 1873: [(2, 'C', 0, '')], 1934: [(7, 'C', 2, 'C=C(C)C1CCC1C')], 1979: [(1, 'C', 1, 'C=C(C)C')]}; {80: [(8, 'C', 0, '')], 249: [(1, 'O', 2, 'cc(c)OC')], 310: [(6, 'C', 2, 'cccc(c)C')], 614: [(2, 'C', 2, 'ccc(OC)c(c)O')], 623: [(8, 'C', 1, 'cCC')], 694: [(9, 'C', 0, '')], 695: [(1, 'O', 0, '')], 807: [(4, 'O', 0, '')], 841: [(0, 'C', 1, 'CO')], 875: [(11, 'C', 1, 'ccc')], 940: [(9, 'C', 1, 'C=CC')], 1027: [(11, 'C', 2, 'cc(C)cc(c)O')], 1036: [(7, 'C', 2, 'ccc(cc)CC')], 1057: [(0, 'C', 0, '')], 1168: [(3, 'C', 2, 'ccc(O)c(c)O')], 1366: [(10, 'C', 0, '')], 1380: [(2, 'C', 0, ''), (3, 'C', 0, ''), (7, 'C', 0, '')], 1475: [(5, 'C', 2, 'cccc(c)O')], 1536: [(1, 'O', 1, 'COc')], 1602: [(4, 'O', 1, 'cO')], 1607: [(3, 'C', 1, 'cc(c)O')], 1640: [(9, 'C', 2, 'C=CCc')], 1645: [(10, 'C', 1, 'C=C')], 1740: [(8, 'C', 2, 'C=CCc(c)c')], 1750: [(5, 'C', 1, 'ccc'), (6, 'C', 1, 'ccc')], 1754: [(7, 'C', 1, 'cc(c)C')], 1873: [(5, 'C', 0, ''), (6, 'C', 0, ''), (11, 'C', 0, '')], 1970: [(2, 'C', 1, 'cc(c)O')]}; {89: [(1, 'C', 1, 'C=C(C)C'), (12, 'C', 1, 'C=C(C)C')], 94: [(6, 'C', 2, 'C=C[C@](C)(CC)C(C)C')], 120: [(10, 'C', 1, 'CC(C)C')], 398: [(3, 'C', 2, 'C=C(C)[C@H](CC)CC')], 469: [(11, 'C', 2, 'C[C@H](C)CC(C)C')], 563: [(8, 'C', 1, 'CC=C')], 616: [(10, 'C', 2, 'C=C(C)[C@H](CC)C(C)(C)C')], 694: [(8, 'C', 0, '')], 807: [(1, 'C', 0, ''), (12, 'C', 0, '')], 926: [(4, 'C', 0, ''), (5, 'C', 0, ''), (11, 'C', 0, '')], 974: [(3, 'C', 1, 'CC(C)C')], 999: [(4, 'C', 2, 'CCCC(C)C')], 1016: [(5, 'C', 2, 'CCCC(C)(C)C')], 1017: [(0, 'C', 1, 'CC'), (13, 'C', 1, 'CC')], 1019: [(3, 'C', 0, ''), (10, 'C', 0, '')], 1022: [(2, 'C', 1, 'C=C'), (14, 'C', 1, 'C=C')], 1057: [(0, 'C', 0, ''), (7, 'C', 0, ''), (13, 'C', 0, '')], 1060: [(6, 'C', 0, '')], 1115: [(12, 'C', 2, 'C[C@@H](C)C(=C)C')], 1154: [(6, 'C', 1, 'CC(C)(C)C')], 1162: [(5, 'C', 1, 'CCC')], 1274: [(7, 'C', 1, 'CC')], 1292: [(11, 'C', 1, 'CCC')], 1325: [(4, 'C', 1, 'CCC')], 1366: [(2, 'C', 0, ''), (9, 'C', 0, ''), (14, 'C', 0, '')], 1645: [(9, 'C', 1, 'C=C')], 1900: [(8, 'C', 2, 'C=CC(C)(C)C')], 2044: [(1, 'C', 2, 'C=C(C)C(C)C')]}"
Oliveria decumbens,1,DOI:10.21203/rs.3.rs-3164788/v1,1,"{1: [(1, 'C', 0, '')], 283: [(0, 'C', 1, 'CC'), (2, 'C', 1, 'CC')], 287: [(6, 'C', 2, 'ccc(C)c(c)O')], 598: [(1, 'C', 1, 'CC(C)c')], 741: [(8, 'C', 2, 'ccc(O)c(c)C')], 807: [(9, 'O', 0, '')], 875: [(10, 'C', 1, 'ccc')], 1057: [(0, 'C', 0, ''), (2, 'C', 0, ''), (7, 'C', 0, '')], 1365: [(3, 'C', 1, 'cc(c)C')], 1380: [(3, 'C', 0, ''), (6, 'C', 0, ''), (8, 'C', 0, '')], 1391: [(6, 'C', 1, 'cc(c)C')], 1602: [(9, 'O', 1, 'cO')], 1607: [(8, 'C', 1, 'cc(c)O')], 1691: [(5, 'C', 2, 'cccc(c)C')], 1722: [(7, 'C', 1, 'cC')], 1750: [(4, 'C', 1, 'ccc'), (5, 'C', 1, 'ccc')], 1784: [(10, 'C', 2, 'cc(C)cc(c)O')], 1804: [(1, 'C', 2, 'cc(c)C(C)C')], 1853: [(4, 'C', 2, 'cccc(c)C')], 1873: [(4, 'C', 0, ''), (5, 'C', 0, ''), (10, 'C', 0, '')], 1930: [(3, 'C', 2, 'ccc(cc)C(C)C')]}; {37: [(4, 'C', 2, 'ccc(cc)CC')], 80: [(5, 'C', 0, '')], 249: [(1, 'O', 2, 'cc(c)OC')], 441: [(11, 'O', 1, 'cOC'), (13, 'O', 1, 'COc')], 623: [(5, 'C', 1, 'cCC')], 656: [(11, 'O', 0, ''), (13, 'O', 0, '')], 694: [(6, 'C', 0, '')], 695: [(1, 'O', 0, '')], 711: [(11, 'O', 2, 'cc(c)OCO')], 841: [(0, 'C', 1, 'CO')], 861: [(2, 'C', 2, 'ccc(OC)c(c)O')], 875: [(3, 'C', 1, 'ccc'), (8, 'C', 1, 'ccc')], 926: [(12, 'C', 0, '')], 940: [(6, 'C', 1, 'C=CC')], 944: [(9, 'C', 2, 'ccc(OC)c(c)O')], 1027: [(3, 'C', 2, 'cc(C)cc(c)O')], 1057: [(0, 'C', 0, '')], 1294: [(10, 'C', 1, 'cc(c)O')], 1349: [(12, 'C', 1, 'OCO')], 1366: [(7, 'C', 0, '')], 1380: [(2, 'C', 0, ''), (4, 'C', 0, ''), (9, 'C', 0, ''), (10, 'C', 0, '')], 1514: [(8, 'C', 2, 'cc(C)cc(c)O')], 1536: [(1, 'O', 1, 'COc')], 1640: [(6, 'C', 2, 'C=CCc')], 1645: [(7, 'C', 1, 'C=C')], 1729: [(10, 'C', 2, 'cc(O)c(OC)c(c)O')], 1740: [(5, 'C', 2, 'C=CCc(c)c')], 1754: [(4, 'C', 1, 'cc(c)C')], 1800: [(13, 'O', 2, 'cc(c)OCO')], 1863: [(12, 'C', 2, 'cOCOc')], 1873: [(3, 'C', 0, ''), (8, 'C', 0, '')], 1905: [(9, 'C', 1, 'cc(c)O')], 1970: [(2, 'C', 1, 'cc(c)O')]}; {1: [(1, 'C', 0, '')], 235: [(5, 'C', 2, 'cccc(c)C'), (8, 'C', 2, 'cccc(c)C')], 283: [(0, 'C', 1, 'CC'), (2, 'C', 1, 'CC')], 561: [(3, 'C', 2, 'ccc(cc)C(C)C')], 598: [(1, 'C', 1, 'CC(C)c')], 1057: [(0, 'C', 0, ''), (2, 'C', 0, ''), (7, 'C', 0, '')], 1365: [(3, 'C', 1, 'cc(c)C')], 1380: [(3, 'C', 0, ''), (6, 'C', 0, '')], 1722: [(7, 'C', 1, 'cC')], 1750: [(4, 'C', 1, 'ccc'), (5, 'C', 1, 'ccc'), (8, 'C', 1, 'ccc'), (9, 'C', 1, 'ccc')], 1804: [(1, 'C', 2, 'cc(c)C(C)C')], 1823: [(6, 'C', 1, 'cc(c)C')], 1853: [(4, 'C', 2, 'cccc(c)C'), (9, 'C', 2, 'cccc(c)C')], 1873: [(4, 'C', 0, ''), (5, 'C', 0, ''), (8, 'C', 0, ''), (9, 'C', 0, '')], 1920: [(6, 'C', 2, 'ccc(C)cc')]}; {1: [(1, 'C', 0, '')], 210: [(4, 'C', 2, 'CCC=C(C)C')], 216: [(8, 'C', 2, 'CCC=C(C)C')], 237: [(5, 'C', 1, 'CCC'), (9, 'C', 1, 'CCC')], 283: [(0, 'C', 1, 'CC'), (2, 'C', 1, 'CC')], 598: [(1, 'C', 1, 'CC(C)C')], 690: [(1, 'C', 2, 'C=C(C)C(C)C')], 926: [(5, 'C', 0, ''), (9, 'C', 0, '')], 936: [(9, 'C', 2, 'C=CCC(=C)C')], 1057: [(0, 'C', 0, ''), (2, 'C', 0, ''), (7, 'C', 0, '')], 1063: [(3, 'C', 2, 'CC=C(CC)C(C)C')], 1380: [(3, 'C', 0, ''), (6, 'C', 0, '')], 1684: [(6, 'C', 2, 'CC=C(C)CC')], 1722: [(7, 'C', 1, 'CC')], 1781: [(4, 'C', 1, 'C=CC'), (8, 'C', 1, 'C=CC')], 1873: [(4, 'C', 0, ''), (8, 'C', 0, '')], 1969: [(3, 'C', 1, 'C=C(C)C')], 1979: [(6, 'C', 1, 'C=C(C)C')], 1983: [(5, 'C', 2, 'C=CCC(=C)C')]}; {1: [(1, 'C', 0, '')], 121: [(1, 'C', 2, 'cc(c)C(C)C')], 142: [(8, 'C', 2, 'cc(C)cc(c)O')], 235: [(5, 'C', 2, 'cccc(c)C')], 237: [(3, 'C', 1, 'cc(c)C')], 283: [(0, 'C', 1, 'CC'), (2, 'C', 1, 'CC')], 448: [(3, 'C', 2, 'ccc(c(c)O)C(C)C')], 598: [(1, 'C', 1, 'CC(C)c')], 805: [(4, 'C', 2, 'cccc(c)C')], 807: [(10, 'O', 0, '')], 875: [(8, 'C', 1, 'ccc')], 1013: [(6, 'C', 2, 'ccc(C)cc')], 1057: [(0, 'C', 0, ''), (2, 'C', 0, ''), (7, 'C', 0, '')], 1380: [(3, 'C', 0, ''), (6, 'C', 0, ''), (9, 'C', 0, '')], 1602: [(10, 'O', 1, 'cO')], 1607: [(9, 'C', 1, 'cc(c)O')], 1722: [(7, 'C', 1, 'cC')], 1750: [(4, 'C', 1, 'ccc'), (5, 'C', 1, 'ccc')], 1823: [(6, 'C', 1, 'cc(c)C')], 1873: [(4, 'C', 0, ''), (5, 'C', 0, ''), (8, 'C', 0, '')], 1875: [(9, 'C', 2, 'ccc(O)c(c)C')]}"
Origanum glandulosum,1,DOI:10.1016/j.foodchem.2007.05.050,1,"{1: [(1, 'C', 0, '')], 210: [(4, 'C', 2, 'CCC=C(C)C')], 216: [(8, 'C', 2, 'CCC=C(C)C')], 237: [(5, 'C', 1, 'CCC'), (9, 'C', 1, 'CCC')], 283: [(0, 'C', 1, 'CC'), (2, 'C', 1, 'CC')], 598: [(1, 'C', 1, 'CC(C)C')], 690: [(1, 'C', 2, 'C=C(C)C(C)C')], 926: [(5, 'C', 0, ''), (9, 'C', 0, '')], 936: [(9, 'C', 2, 'C=CCC(=C)C')], 1057: [(0, 'C', 0, ''), (2, 'C', 0, ''), (7, 'C', 0, '')], 1063: [(3, 'C', 2, 'CC=C(CC)C(C)C')], 1380: [(3, 'C', 0, ''), (6, 'C', 0, '')], 1684: [(6, 'C', 2, 'CC=C(C)CC')], 1722: [(7, 'C', 1, 'CC')], 1781: [(4, 'C', 1, 'C=CC'), (8, 'C', 1, 'C=CC')], 1873: [(4, 'C', 0, ''), (8, 'C', 0, '')], 1969: [(3, 'C', 1, 'C=C(C)C')], 1979: [(6, 'C', 1, 'C=C(C)C')], 1983: [(5, 'C', 2, 'C=CCC(=C)C')]}; {1: [(1, 'C', 0, '')], 283: [(0, 'C', 1, 'CC'), (2, 'C', 1, 'CC')], 287: [(6, 'C', 2, 'ccc(C)c(c)O')], 598: [(1, 'C', 1, 'CC(C)c')], 741: [(8, 'C', 2, 'ccc(O)c(c)C')], 807: [(9, 'O', 0, '')], 875: [(10, 'C', 1, 'ccc')], 1057: [(0, 'C', 0, ''), (2, 'C', 0, ''), (7, 'C', 0, '')], 1365: [(3, 'C', 1, 'cc(c)C')], 1380: [(3, 'C', 0, ''), (6, 'C', 0, ''), (8, 'C', 0, '')], 1391: [(6, 'C', 1, 'cc(c)C')], 1602: [(9, 'O', 1, 'cO')], 1607: [(8, 'C', 1, 'cc(c)O')], 1691: [(5, 'C', 2, 'cccc(c)C')], 1722: [(7, 'C', 1, 'cC')], 1750: [(4, 'C', 1, 'ccc'), (5, 'C', 1, 'ccc')], 1784: [(10, 'C', 2, 'cc(C)cc(c)O')], 1804: [(1, 'C', 2, 'cc(c)C(C)C')], 1853: [(4, 'C', 2, 'cccc(c)C')], 1873: [(4, 'C', 0, ''), (5, 'C', 0, ''), (10, 'C', 0, '')], 1930: [(3, 'C', 2, 'ccc(cc)C(C)C')]}; {1: [(1, 'C', 0, '')], 121: [(1, 'C', 2, 'cc(c)C(C)C')], 142: [(8, 'C', 2, 'cc(C)cc(c)O')], 235: [(5, 'C', 2, 'cccc(c)C')], 237: [(3, 'C', 1, 'cc(c)C')], 283: [(0, 'C', 1, 'CC'), (2, 'C', 1, 'CC')], 448: [(3, 'C', 2, 'ccc(c(c)O)C(C)C')], 598: [(1, 'C', 1, 'CC(C)c')], 805: [(4, 'C', 2, 'cccc(c)C')], 807: [(10, 'O', 0, '')], 875: [(8, 'C', 1, 'ccc')], 1013: [(6, 'C', 2, 'ccc(C)cc')], 1057: [(0, 'C', 0, ''), (2, 'C', 0, ''), (7, 'C', 0, '')], 1380: [(3, 'C', 0, ''), (6, 'C', 0, ''), (9, 'C', 0, '')], 1602: [(10, 'O', 1, 'cO')], 1607: [(9, 'C', 1, 'cc(c)O')], 1722: [(7, 'C', 1, 'cC')], 1750: [(4, 'C', 1, 'ccc'), (5, 'C', 1, 'ccc')], 1823: [(6, 'C', 1, 'cc(c)C')], 1873: [(4, 'C', 0, ''), (5, 'C', 0, ''), (8, 'C', 0, '')], 1875: [(9, 'C', 2, 'ccc(O)c(c)C')]}; {1: [(1, 'C', 0, '')], 235: [(5, 'C', 2, 'cccc(c)C'), (8, 'C', 2, 'cccc(c)C')], 283: [(0, 'C', 1, 'CC'), (2, 'C', 1, 'CC')], 561: [(3, 'C', 2, 'ccc(cc)C(C)C')], 598: [(1, 'C', 1, 'CC(C)c')], 1057: [(0, 'C', 0, ''), (2, 'C', 0, ''), (7, 'C', 0, '')], 1365: [(3, 'C', 1, 'cc(c)C')], 1380: [(3, 'C', 0, ''), (6, 'C', 0, '')], 1722: [(7, 'C', 1, 'cC')], 1750: [(4, 'C', 1, 'ccc'), (5, 'C', 1, 'ccc'), (8, 'C', 1, 'ccc'), (9, 'C', 1, 'ccc')], 1804: [(1, 'C', 2, 'cc(c)C(C)C')], 1823: [(6, 'C', 1, 'cc(c)C')], 1853: [(4, 'C', 2, 'cccc(c)C'), (9, 'C', 2, 'cccc(c)C')], 1873: [(4, 'C', 0, ''), (5, 'C', 0, ''), (8, 'C', 0, ''), (9, 'C', 0, '')], 1920: [(6, 'C', 2, 'ccc(C)cc')]}"
Origanum onites,1,DOI:10.1016/j.foodcont.2009.07.016,1,"{1: [(1, 'C', 0, '')], 283: [(0, 'C', 1, 'CC'), (2, 'C', 1, 'CC')], 287: [(6, 'C', 2, 'ccc(C)c(c)O')], 598: [(1, 'C', 1, 'CC(C)c')], 741: [(8, 'C', 2, 'ccc(O)c(c)C')], 807: [(9, 'O', 0, '')], 875: [(10, 'C', 1, 'ccc')], 1057: [(0, 'C', 0, ''), (2, 'C', 0, ''), (7, 'C', 0, '')], 1365: [(3, 'C', 1, 'cc(c)C')], 1380: [(3, 'C', 0, ''), (6, 'C', 0, ''), (8, 'C', 0, '')], 1391: [(6, 'C', 1, 'cc(c)C')], 1602: [(9, 'O', 1, 'cO')], 1607: [(8, 'C', 1, 'cc(c)O')], 1691: [(5, 'C', 2, 'cccc(c)C')], 1722: [(7, 'C', 1, 'cC')], 1750: [(4, 'C', 1, 'ccc'), (5, 'C', 1, 'ccc')], 1784: [(10, 'C', 2, 'cc(C)cc(c)O')], 1804: [(1, 'C', 2, 'cc(c)C(C)C')], 1853: [(4, 'C', 2, 'cccc(c)C')], 1873: [(4, 'C', 0, ''), (5, 'C', 0, ''), (10, 'C', 0, '')], 1930: [(3, 'C', 2, 'ccc(cc)C(C)C')]}"
Origanum syriacum,1,DOI:10.4103/japtr.japtr_106_21,1,"{1: [(1, 'C', 0, '')], 283: [(0, 'C', 1, 'CC'), (2, 'C', 1, 'CC')], 287: [(6, 'C', 2, 'ccc(C)c(c)O')], 598: [(1, 'C', 1, 'CC(C)c')], 741: [(8, 'C', 2, 'ccc(O)c(c)C')], 807: [(9, 'O', 0, '')], 875: [(10, 'C', 1, 'ccc')], 1057: [(0, 'C', 0, ''), (2, 'C', 0, ''), (7, 'C', 0, '')], 1365: [(3, 'C', 1, 'cc(c)C')], 1380: [(3, 'C', 0, ''), (6, 'C', 0, ''), (8, 'C', 0, '')], 1391: [(6, 'C', 1, 'cc(c)C')], 1602: [(9, 'O', 1, 'cO')], 1607: [(8, 'C', 1, 'cc(c)O')], 1691: [(5, 'C', 2, 'cccc(c)C')], 1722: [(7, 'C', 1, 'cC')], 1750: [(4, 'C', 1, 'ccc'), (5, 'C', 1, 'ccc')], 1784: [(10, 'C', 2, 'cc(C)cc(c)O')], 1804: [(1, 'C', 2, 'cc(c)C(C)C')], 1853: [(4, 'C', 2, 'cccc(c)C')], 1873: [(4, 'C', 0, ''), (5, 'C', 0, ''), (10, 'C', 0, '')], 1930: [(3, 'C', 2, 'ccc(cc)C(C)C')]}"
Origanum vulgare,1,DOI:10.1111/j.1600-0463.2005.apm1130101.x,1,"{1: [(1, 'C', 0, '')], 210: [(4, 'C', 2, 'CCC=C(C)C')], 216: [(8, 'C', 2, 'CCC=C(C)C')], 237: [(5, 'C', 1, 'CCC'), (9, 'C', 1, 'CCC')], 283: [(0, 'C', 1, 'CC'), (2, 'C', 1, 'CC')], 598: [(1, 'C', 1, 'CC(C)C')], 690: [(1, 'C', 2, 'C=C(C)C(C)C')], 926: [(5, 'C', 0, ''), (9, 'C', 0, '')], 936: [(9, 'C', 2, 'C=CCC(=C)C')], 1057: [(0, 'C', 0, ''), (2, 'C', 0, ''), (7, 'C', 0, '')], 1063: [(3, 'C', 2, 'CC=C(CC)C(C)C')], 1380: [(3, 'C', 0, ''), (6, 'C', 0, '')], 1684: [(6, 'C', 2, 'CC=C(C)CC')], 1722: [(7, 'C', 1, 'CC')], 1781: [(4, 'C', 1, 'C=CC'), (8, 'C', 1, 'C=CC')], 1873: [(4, 'C', 0, ''), (8, 'C', 0, '')], 1969: [(3, 'C', 1, 'C=C(C)C')], 1979: [(6, 'C', 1, 'C=C(C)C')], 1983: [(5, 'C', 2, 'C=CCC(=C)C')]}; {1: [(1, 'C', 0, '')], 283: [(0, 'C', 1, 'CC'), (2, 'C', 1, 'CC')], 287: [(6, 'C', 2, 'ccc(C)c(c)O')], 598: [(1, 'C', 1, 'CC(C)c')], 741: [(8, 'C', 2, 'ccc(O)c(c)C')], 807: [(9, 'O', 0, '')], 875: [(10, 'C', 1, 'ccc')], 1057: [(0, 'C', 0, ''), (2, 'C', 0, ''), (7, 'C', 0, '')], 1365: [(3, 'C', 1, 'cc(c)C')], 1380: [(3, 'C', 0, ''), (6, 'C', 0, ''), (8, 'C', 0, '')], 1391: [(6, 'C', 1, 'cc(c)C')], 1602: [(9, 'O', 1, 'cO')], 1607: [(8, 'C', 1, 'cc(c)O')], 1691: [(5, 'C', 2, 'cccc(c)C')], 1722: [(7, 'C', 1, 'cC')], 1750: [(4, 'C', 1, 'ccc'), (5, 'C', 1, 'ccc')], 1784: [(10, 'C', 2, 'cc(C)cc(c)O')], 1804: [(1, 'C', 2, 'cc(c)C(C)C')], 1853: [(4, 'C', 2, 'cccc(c)C')], 1873: [(4, 'C', 0, ''), (5, 'C', 0, ''), (10, 'C', 0, '')], 1930: [(3, 'C', 2, 'ccc(cc)C(C)C')]}; {1: [(1, 'C', 0, '')], 235: [(5, 'C', 2, 'cccc(c)C'), (8, 'C', 2, 'cccc(c)C')], 283: [(0, 'C', 1, 'CC'), (2, 'C', 1, 'CC')], 561: [(3, 'C', 2, 'ccc(cc)C(C)C')], 598: [(1, 'C', 1, 'CC(C)c')], 1057: [(0, 'C', 0, ''), (2, 'C', 0, ''), (7, 'C', 0, '')], 1365: [(3, 'C', 1, 'cc(c)C')], 1380: [(3, 'C', 0, ''), (6, 'C', 0, '')], 1722: [(7, 'C', 1, 'cC')], 1750: [(4, 'C', 1, 'ccc'), (5, 'C', 1, 'ccc'), (8, 'C', 1, 'ccc'), (9, 'C', 1, 'ccc')], 1804: [(1, 'C', 2, 'cc(c)C(C)C')], 1823: [(6, 'C', 1, 'cc(c)C')], 1853: [(4, 'C', 2, 'cccc(c)C'), (9, 'C', 2, 'cccc(c)C')], 1873: [(4, 'C', 0, ''), (5, 'C', 0, ''), (8, 'C', 0, ''), (9, 'C', 0, '')], 1920: [(6, 'C', 2, 'ccc(C)cc')]}"
Pimenta dioica,1,DOI:10.1016/j.foodcont.2005.11.009,1,"{80: [(8, 'C', 0, '')], 249: [(1, 'O', 2, 'cc(c)OC')], 310: [(6, 'C', 2, 'cccc(c)C')], 614: [(2, 'C', 2, 'ccc(OC)c(c)O')], 623: [(8, 'C', 1, 'cCC')], 694: [(9, 'C', 0, '')], 695: [(1, 'O', 0, '')], 807: [(4, 'O', 0, '')], 841: [(0, 'C', 1, 'CO')], 875: [(11, 'C', 1, 'ccc')], 940: [(9, 'C', 1, 'C=CC')], 1027: [(11, 'C', 2, 'cc(C)cc(c)O')], 1036: [(7, 'C', 2, 'ccc(cc)CC')], 1057: [(0, 'C', 0, '')], 1168: [(3, 'C', 2, 'ccc(O)c(c)O')], 1366: [(10, 'C', 0, '')], 1380: [(2, 'C', 0, ''), (3, 'C', 0, ''), (7, 'C', 0, '')], 1475: [(5, 'C', 2, 'cccc(c)O')], 1536: [(1, 'O', 1, 'COc')], 1602: [(4, 'O', 1, 'cO')], 1607: [(3, 'C', 1, 'cc(c)O')], 1640: [(9, 'C', 2, 'C=CCc')], 1645: [(10, 'C', 1, 'C=C')], 1740: [(8, 'C', 2, 'C=CCc(c)c')], 1750: [(5, 'C', 1, 'ccc'), (6, 'C', 1, 'ccc')], 1754: [(7, 'C', 1, 'cc(c)C')], 1873: [(5, 'C', 0, ''), (6, 'C', 0, ''), (11, 'C', 0, '')], 1970: [(2, 'C', 1, 'cc(c)O')]}"
Pimenta racemosa,1,DOI:10.5897/JMPR2017.6435,1,"{80: [(4, 'C', 0, ''), (5, 'C', 0, '')], 119: [(5, 'C', 2, 'C=C(C)CCC')], 357: [(4, 'C', 2, 'C=CCCC')], 401: [(4, 'C', 1, 'CCC')], 479: [(3, 'C', 1, 'C=CC')], 694: [(3, 'C', 0, ''), (8, 'C', 0, '')], 807: [(1, 'C', 0, ''), (6, 'C', 0, '')], 959: [(8, 'C', 1, 'C=CC')], 1017: [(0, 'C', 1, 'CC'), (2, 'C', 1, 'CC')], 1022: [(7, 'C', 1, 'C=C')], 1057: [(0, 'C', 0, ''), (2, 'C', 0, '')], 1170: [(6, 'C', 2, 'C=CC(=C)CC')], 1257: [(1, 'C', 1, 'C=C(C)C')], 1366: [(7, 'C', 0, ''), (9, 'C', 0, '')], 1564: [(5, 'C', 1, 'CCC')], 1574: [(3, 'C', 2, 'CCC=C(C)C')], 1582: [(1, 'C', 2, 'CC=C(C)C')], 1645: [(9, 'C', 1, 'C=C')], 1736: [(6, 'C', 1, 'C=C(C)C')], 1996: [(8, 'C', 2, 'C=CC(=C)C')]}; {80: [(8, 'C', 0, '')], 249: [(1, 'O', 2, 'cc(c)OC')], 310: [(6, 'C', 2, 'cccc(c)C')], 614: [(2, 'C', 2, 'ccc(OC)c(c)O')], 623: [(8, 'C', 1, 'cCC')], 694: [(9, 'C', 0, '')], 695: [(1, 'O', 0, '')], 807: [(4, 'O', 0, '')], 841: [(0, 'C', 1, 'CO')], 875: [(11, 'C', 1, 'ccc')], 940: [(9, 'C', 1, 'C=CC')], 1027: [(11, 'C', 2, 'cc(C)cc(c)O')], 1036: [(7, 'C', 2, 'ccc(cc)CC')], 1057: [(0, 'C', 0, '')], 1168: [(3, 'C', 2, 'ccc(O)c(c)O')], 1366: [(10, 'C', 0, '')], 1380: [(2, 'C', 0, ''), (3, 'C', 0, ''), (7, 'C', 0, '')], 1475: [(5, 'C', 2, 'cccc(c)O')], 1536: [(1, 'O', 1, 'COc')], 1602: [(4, 'O', 1, 'cO')], 1607: [(3, 'C', 1, 'cc(c)O')], 1640: [(9, 'C', 2, 'C=CCc')], 1645: [(10, 'C', 1, 'C=C')], 1740: [(8, 'C', 2, 'C=CCc(c)c')], 1750: [(5, 'C', 1, 'ccc'), (6, 'C', 1, 'ccc')], 1754: [(7, 'C', 1, 'cc(c)C')], 1873: [(5, 'C', 0, ''), (6, 'C', 0, ''), (11, 'C', 0, '')], 1970: [(2, 'C', 1, 'cc(c)O')]}"
Piper betle,1,DOI:10.12982/VIS.2022.042,1,"{80: [(10, 'C', 0, '')], 94: [(9, 'C', 2, 'cccc(c)O')], 249: [(13, 'O', 2, 'cc(c)OC')], 310: [(8, 'C', 2, 'cccc(c)C')], 623: [(10, 'C', 1, 'cCC')], 650: [(2, 'O', 0, '')], 694: [(11, 'C', 0, '')], 695: [(3, 'O', 0, ''), (13, 'O', 0, '')], 807: [(1, 'C', 0, '')], 841: [(14, 'C', 1, 'CO')], 875: [(6, 'C', 1, 'ccc')], 934: [(4, 'C', 2, 'ccc(OC)c(c)O')], 940: [(11, 'C', 1, 'C=CC')], 1017: [(0, 'C', 1, 'CC')], 1027: [(6, 'C', 2, 'cc(C)cc(c)O')], 1035: [(1, 'C', 1, 'CC(=O)O')], 1036: [(7, 'C', 2, 'ccc(cc)CC')], 1057: [(0, 'C', 0, ''), (14, 'C', 0, '')], 1245: [(5, 'C', 2, 'ccc(OC)c(c)O')], 1366: [(12, 'C', 0, '')], 1380: [(4, 'C', 0, ''), (5, 'C', 0, ''), (7, 'C', 0, '')], 1468: [(3, 'O', 2, 'cc(c)OC(C)=O')], 1536: [(13, 'O', 1, 'cOC')], 1640: [(11, 'C', 2, 'C=CCc')], 1645: [(12, 'C', 1, 'C=C')], 1729: [(3, 'O', 1, 'COc')], 1740: [(10, 'C', 2, 'C=CCc(c)c')], 1750: [(8, 'C', 1, 'ccc'), (9, 'C', 1, 'ccc')], 1754: [(7, 'C', 1, 'cc(c)C')], 1775: [(1, 'C', 2, 'cOC(C)=O')], 1873: [(6, 'C', 0, ''), (8, 'C', 0, ''), (9, 'C', 0, '')], 1917: [(2, 'O', 1, 'C=O')], 1970: [(5, 'C', 1, 'cc(c)O'), (4, 'C', 1, 'cc(c)O')]}; {80: [(8, 'C', 0, '')], 249: [(1, 'O', 2, 'cc(c)OC')], 310: [(6, 'C', 2, 'cccc(c)C')], 614: [(2, 'C', 2, 'ccc(OC)c(c)O')], 623: [(8, 'C', 1, 'cCC')], 694: [(9, 'C', 0, '')], 695: [(1, 'O', 0, '')], 807: [(4, 'O', 0, '')], 841: [(0, 'C', 1, 'CO')], 875: [(11, 'C', 1, 'ccc')], 940: [(9, 'C', 1, 'C=CC')], 1027: [(11, 'C', 2, 'cc(C)cc(c)O')], 1036: [(7, 'C', 2, 'ccc(cc)CC')], 1057: [(0, 'C', 0, '')], 1168: [(3, 'C', 2, 'ccc(O)c(c)O')], 1366: [(10, 'C', 0, '')], 1380: [(2, 'C', 0, ''), (3, 'C', 0, ''), (7, 'C', 0, '')], 1475: [(5, 'C', 2, 'cccc(c)O')], 1536: [(1, 'O', 1, 'COc')], 1602: [(4, 'O', 1, 'cO')], 1607: [(3, 'C', 1, 'cc(c)O')], 1640: [(9, 'C', 2, 'C=CCc')], 1645: [(10, 'C', 1, 'C=C')], 1740: [(8, 'C', 2, 'C=CCc(c)c')], 1750: [(5, 'C', 1, 'ccc'), (6, 'C', 1, 'ccc')], 1754: [(7, 'C', 1, 'cc(c)C')], 1873: [(5, 'C', 0, ''), (6, 'C', 0, ''), (11, 'C', 0, '')], 1970: [(2, 'C', 1, 'cc(c)O')]}"
Rheum palmatum,1,10.25141/2471-7371-2015-1.0001,1,"{80: [(1, 'C', 0, ''), (2, 'C', 0, ''), (3, 'C', 0, ''), (4, 'C', 0, ''), (5, 'C', 0, ''), (6, 'C', 0, ''), (7, 'C', 0, ''), (8, 'C', 0, ''), (9, 'C', 0, ''), (10, 'C', 0, ''), (11, 'C', 0, ''), (12, 'C', 0, ''), (13, 'C', 0, ''), (14, 'C', 0, '')], 294: [(0, 'C', 1, 'CC')], 389: [(16, 'O', 1, 'CO')], 591: [(1, 'C', 2, 'CCCC')], 650: [(17, 'O', 0, '')], 794: [(1, 'C', 1, 'CCC')], 807: [(15, 'C', 0, ''), (16, 'O', 0, '')], 1057: [(0, 'C', 0, '')], 1110: [(14, 'C', 2, 'CCCC(=O)O')], 1143: [(3, 'C', 2, 'CCCCC'), (4, 'C', 2, 'CCCCC'), (5, 'C', 2, 'CCCCC'), (6, 'C', 2, 'CCCCC'), (7, 'C', 2, 'CCCCC'), (8, 'C', 2, 'CCCCC'), (9, 'C', 2, 'CCCCC'), (10, 'C', 2, 'CCCCC'), (11, 'C', 2, 'CCCCC'), (12, 'C', 2, 'CCCCC')], 1267: [(13, 'C', 2, 'CCCCC')], 1287: [(15, 'C', 2, 'CCC(=O)O')], 1444: [(2, 'C', 2, 'CCCCC')], 1564: [(14, 'C', 1, 'CCC')], 1737: [(15, 'C', 1, 'CC(=O)O')], 1911: [(2, 'C', 1, 'CCC'), (3, 'C', 1, 'CCC'), (4, 'C', 1, 'CCC'), (5, 'C', 1, 'CCC'), (6, 'C', 1, 'CCC'), (7, 'C', 1, 'CCC'), (8, 'C', 1, 'CCC'), (9, 'C', 1, 'CCC'), (10, 'C', 1, 'CCC'), (11, 'C', 1, 'CCC'), (12, 'C', 1, 'CCC'), (13, 'C', 1, 'CCC')], 1917: [(17, 'O', 1, 'C=O')]}; {67: [(8, 'C', 2, 'cccc(c)C')], 205: [(4, 'C', 2, 'ccc(O)c(c)C')], 322: [(6, 'C', 1, 'cc(c)O')], 650: [(2, 'O', 0, '')], 695: [(9, 'O', 0, '')], 718: [(7, 'C', 2, 'cccc(c)O')], 745: [(5, 'C', 2, 'cc(O)cc(c)O')], 781: [(9, 'O', 2, 'cc(c)OC')], 807: [(1, 'C', 0, ''), (11, 'O', 0, '')], 841: [(10, 'C', 1, 'CO')], 875: [(5, 'C', 1, 'ccc')], 1017: [(0, 'C', 1, 'CC')], 1057: [(0, 'C', 0, ''), (10, 'C', 0, '')], 1380: [(3, 'C', 0, ''), (4, 'C', 0, ''), (6, 'C', 0, '')], 1443: [(3, 'C', 2, 'ccc(C(C)=O)c(c)O')], 1536: [(9, 'O', 1, 'cOC')], 1602: [(11, 'O', 1, 'cO')], 1607: [(4, 'C', 1, 'cc(c)O')], 1750: [(7, 'C', 1, 'ccc'), (8, 'C', 1, 'ccc')], 1820: [(1, 'C', 1, 'CC(c)=O')], 1873: [(5, 'C', 0, ''), (7, 'C', 0, ''), (8, 'C', 0, '')], 1917: [(2, 'O', 1, 'C=O')], 1972: [(6, 'C', 2, 'ccc(cc)OC')], 1978: [(1, 'C', 2, 'cc(c)C(C)=O')], 1991: [(3, 'C', 1, 'cc(c)C')]}; {56: [(2, 'C', 2, 'OCC(CO)OP')], 80: [(3, 'C', 0, ''), (7, 'C', 0, ''), (8, 'C', 0, ''), (9, 'C', 0, ''), (10, 'C', 0, ''), (11, 'C', 0, ''), (12, 'C', 0, ''), (13, 'C', 0, ''), (14, 'C', 0, ''), (15, 'C', 0, ''), (16, 'C', 0, ''), (17, 'C', 0, ''), (18, 'C', 0, ''), (19, 'C', 0, ''), (20, 'C', 0, ''), (21, 'C', 0, ''), (22, 'C', 0, '')], 81: [(4, 'O', 2, 'CCOC(C)=O')], 147: [(4, 'O', 1, 'COC')], 294: [(23, 'C', 1, 'CC')], 336: [(0, 'P', 1, 'O=P(O)(O)O')], 367: [(25, 'O', 2, 'CCOP(=O)(O)O')], 444: [(26, 'O', 1, 'OP')], 591: [(22, 'C', 2, 'CCCC')], 650: [(6, 'O', 0, ''), (27, 'O', 0, '')], 656: [(1, 'O', 0, ''), (25, 'O', 0, '')], 677: [(5, 'C', 2, 'CCC(=O)OC')], 695: [(4, 'O', 0, '')], 794: [(22, 'C', 1, 'CCC')], 807: [(5, 'C', 0, ''), (26, 'O', 0, '')], 810: [(0, 'P', 0, '')], 926: [(24, 'C', 0, '')], 1019: [(2, 'C', 0, '')], 1023: [(0, 'P', 2, 'COP(=O)(O)OC')], 1057: [(23, 'C', 0, '')], 1136: [(3, 'C', 1, 'CCO')], 1143: [(9, 'C', 2, 'CCCCC'), (10, 'C', 2, 'CCCCC'), (11, 'C', 2, 'CCCCC'), (12, 'C', 2, 'CCCCC'), (13, 'C', 2, 'CCCCC'), (14, 'C', 2, 'CCCCC'), (15, 'C', 2, 'CCCCC'), (16, 'C', 2, 'CCCCC'), (17, 'C', 2, 'CCCCC'), (18, 'C', 2, 'CCCCC'), (19, 'C', 2, 'CCCCC'), (20, 'C', 2, 'CCCCC')], 1144: [(25, 'O', 1, 'COP')], 1267: [(8, 'C', 2, 'CCCCC')], 1375: [(1, 'O', 1, 'COP')], 1386: [(5, 'C', 1, 'CC(=O)O')], 1391: [(2, 'C', 1, 'CC(C)O')], 1399: [(7, 'C', 2, 'CCCC(=O)O')], 1444: [(21, 'C', 2, 'CCCCC')], 1564: [(7, 'C', 1, 'CCC')], 1587: [(1, 'O', 2, 'CC(C)OP(=O)(O)O')], 1801: [(3, 'C', 2, 'COCC(C)O')], 1904: [(27, 'O', 1, 'O=P')], 1911: [(8, 'C', 1, 'CCC'), (9, 'C', 1, 'CCC'), (10, 'C', 1, 'CCC'), (11, 'C', 1, 'CCC'), (12, 'C', 1, 'CCC'), (13, 'C', 1, 'CCC'), (14, 'C', 1, 'CCC'), (15, 'C', 1, 'CCC'), (16, 'C', 1, 'CCC'), (17, 'C', 1, 'CCC'), (18, 'C', 1, 'CCC'), (19, 'C', 1, 'CCC'), (20, 'C', 1, 'CCC'), (21, 'C', 1, 'CCC')], 1917: [(6, 'O', 1, 'C=O')], 1923: [(24, 'C', 1, 'CCO')], 1989: [(24, 'C', 2, 'CC(O)COP')]}; {1: [(12, 'C', 0, '')], 81: [(11, 'C', 1, 'CC(C)C')], 171: [(2, 'C', 1, 'C=C(C)C')], 253: [(12, 'C', 1, 'CC(C)C')], 260: [(5, 'C', 2, 'C[C@H](C)CC=C')], 283: [(13, 'C', 1, 'CC'), (14, 'C', 1, 'CC')], 519: [(6, 'C', 1, 'C[C@@H](C)C')], 598: [(5, 'C', 1, 'CCC')], 728: [(2, 'C', 2, 'CC(C)C(C)=CC')], 764: [(1, 'C', 2, 'C=C(C)C1[C@@H](C)CC1(C)C')], 854: [(0, 'C', 1, 'CC(C)C')], 883: [(4, 'C', 2, 'CCC=C(C)C')], 926: [(5, 'C', 0, ''), (9, 'C', 0, ''), (10, 'C', 0, '')], 975: [(10, 'C', 2, 'CCC[C@@H](C)C')], 1019: [(0, 'C', 0, ''), (1, 'C', 0, ''), (6, 'C', 0, ''), (11, 'C', 0, '')], 1057: [(3, 'C', 0, ''), (8, 'C', 0, ''), (13, 'C', 0, ''), (14, 'C', 0, '')], 1060: [(7, 'C', 0, '')], 1154: [(6, 'C', 2, 'CC[C@H]1[C@H](C)CC1(C)C')], 1162: [(9, 'C', 1, 'CCC')], 1181: [(1, 'C', 1, 'CC(C)C')], 1274: [(8, 'C', 1, 'CC')], 1325: [(10, 'C', 1, 'CCC')], 1372: [(12, 'C', 2, 'CC(C)[C@H](C)C')], 1380: [(2, 'C', 0, '')], 1477: [(7, 'C', 1, 'CC(C)(C)C')], 1498: [(11, 'C', 2, 'CC[C@@H](C(C)C)[C@H](C)C')], 1697: [(7, 'C', 2, 'CC[C@]1(C)C(C)C[C@@H]1C')], 1722: [(3, 'C', 1, 'CC')], 1781: [(4, 'C', 1, 'C=CC')], 1855: [(0, 'C', 2, 'CC(C)[C@@H]1C(C)C[C@H]1C')], 1873: [(4, 'C', 0, '')], 1951: [(9, 'C', 2, 'CCCC(C)(C)C')]}"
Satureja hortensis,1,DOI:10.1016/j.foodcont.2005.11.009,1,"{1: [(1, 'C', 0, '')], 210: [(4, 'C', 2, 'CCC=C(C)C')], 216: [(8, 'C', 2, 'CCC=C(C)C')], 237: [(5, 'C', 1, 'CCC'), (9, 'C', 1, 'CCC')], 283: [(0, 'C', 1, 'CC'), (2, 'C', 1, 'CC')], 598: [(1, 'C', 1, 'CC(C)C')], 690: [(1, 'C', 2, 'C=C(C)C(C)C')], 926: [(5, 'C', 0, ''), (9, 'C', 0, '')], 936: [(9, 'C', 2, 'C=CCC(=C)C')], 1057: [(0, 'C', 0, ''), (2, 'C', 0, ''), (7, 'C', 0, '')], 1063: [(3, 'C', 2, 'CC=C(CC)C(C)C')], 1380: [(3, 'C', 0, ''), (6, 'C', 0, '')], 1684: [(6, 'C', 2, 'CC=C(C)CC')], 1722: [(7, 'C', 1, 'CC')], 1781: [(4, 'C', 1, 'C=CC'), (8, 'C', 1, 'C=CC')], 1873: [(4, 'C', 0, ''), (8, 'C', 0, '')], 1969: [(3, 'C', 1, 'C=C(C)C')], 1979: [(6, 'C', 1, 'C=C(C)C')], 1983: [(5, 'C', 2, 'C=CCC(=C)C')]}; {1: [(1, 'C', 0, '')], 283: [(0, 'C', 1, 'CC'), (2, 'C', 1, 'CC')], 287: [(6, 'C', 2, 'ccc(C)c(c)O')], 598: [(1, 'C', 1, 'CC(C)c')], 741: [(8, 'C', 2, 'ccc(O)c(c)C')], 807: [(9, 'O', 0, '')], 875: [(10, 'C', 1, 'ccc')], 1057: [(0, 'C', 0, ''), (2, 'C', 0, ''), (7, 'C', 0, '')], 1365: [(3, 'C', 1, 'cc(c)C')], 1380: [(3, 'C', 0, ''), (6, 'C', 0, ''), (8, 'C', 0, '')], 1391: [(6, 'C', 1, 'cc(c)C')], 1602: [(9, 'O', 1, 'cO')], 1607: [(8, 'C', 1, 'cc(c)O')], 1691: [(5, 'C', 2, 'cccc(c)C')], 1722: [(7, 'C', 1, 'cC')], 1750: [(4, 'C', 1, 'ccc'), (5, 'C', 1, 'ccc')], 1784: [(10, 'C', 2, 'cc(C)cc(c)O')], 1804: [(1, 'C', 2, 'cc(c)C(C)C')], 1853: [(4, 'C', 2, 'cccc(c)C')], 1873: [(4, 'C', 0, ''), (5, 'C', 0, ''), (10, 'C', 0, '')], 1930: [(3, 'C', 2, 'ccc(cc)C(C)C')]}"
Satureja thymbra,1,DOI:10.1080/14786410310001608145,1,"{1: [(1, 'C', 0, '')], 210: [(4, 'C', 2, 'CCC=C(C)C')], 216: [(8, 'C', 2, 'CCC=C(C)C')], 237: [(5, 'C', 1, 'CCC'), (9, 'C', 1, 'CCC')], 283: [(0, 'C', 1, 'CC'), (2, 'C', 1, 'CC')], 598: [(1, 'C', 1, 'CC(C)C')], 690: [(1, 'C', 2, 'C=C(C)C(C)C')], 926: [(5, 'C', 0, ''), (9, 'C', 0, '')], 936: [(9, 'C', 2, 'C=CCC(=C)C')], 1057: [(0, 'C', 0, ''), (2, 'C', 0, ''), (7, 'C', 0, '')], 1063: [(3, 'C', 2, 'CC=C(CC)C(C)C')], 1380: [(3, 'C', 0, ''), (6, 'C', 0, '')], 1684: [(6, 'C', 2, 'CC=C(C)CC')], 1722: [(7, 'C', 1, 'CC')], 1781: [(4, 'C', 1, 'C=CC'), (8, 'C', 1, 'C=CC')], 1873: [(4, 'C', 0, ''), (8, 'C', 0, '')], 1969: [(3, 'C', 1, 'C=C(C)C')], 1979: [(6, 'C', 1, 'C=C(C)C')], 1983: [(5, 'C', 2, 'C=CCC(=C)C')]}; {1: [(1, 'C', 0, '')], 121: [(1, 'C', 2, 'cc(c)C(C)C')], 142: [(8, 'C', 2, 'cc(C)cc(c)O')], 235: [(5, 'C', 2, 'cccc(c)C')], 237: [(3, 'C', 1, 'cc(c)C')], 283: [(0, 'C', 1, 'CC'), (2, 'C', 1, 'CC')], 448: [(3, 'C', 2, 'ccc(c(c)O)C(C)C')], 598: [(1, 'C', 1, 'CC(C)c')], 805: [(4, 'C', 2, 'cccc(c)C')], 807: [(10, 'O', 0, '')], 875: [(8, 'C', 1, 'ccc')], 1013: [(6, 'C', 2, 'ccc(C)cc')], 1057: [(0, 'C', 0, ''), (2, 'C', 0, ''), (7, 'C', 0, '')], 1380: [(3, 'C', 0, ''), (6, 'C', 0, ''), (9, 'C', 0, '')], 1602: [(10, 'O', 1, 'cO')], 1607: [(9, 'C', 1, 'cc(c)O')], 1722: [(7, 'C', 1, 'cC')], 1750: [(4, 'C', 1, 'ccc'), (5, 'C', 1, 'ccc')], 1823: [(6, 'C', 1, 'cc(c)C')], 1873: [(4, 'C', 0, ''), (5, 'C', 0, ''), (8, 'C', 0, '')], 1875: [(9, 'C', 2, 'ccc(O)c(c)C')]}"
Saturiea hortensis,1,DOI:10.22037/afb.v1i1.7134,1,"{1: [(1, 'C', 0, '')], 210: [(4, 'C', 2, 'CCC=C(C)C')], 216: [(8, 'C', 2, 'CCC=C(C)C')], 237: [(5, 'C', 1, 'CCC'), (9, 'C', 1, 'CCC')], 283: [(0, 'C', 1, 'CC'), (2, 'C', 1, 'CC')], 598: [(1, 'C', 1, 'CC(C)C')], 690: [(1, 'C', 2, 'C=C(C)C(C)C')], 926: [(5, 'C', 0, ''), (9, 'C', 0, '')], 936: [(9, 'C', 2, 'C=CCC(=C)C')], 1057: [(0, 'C', 0, ''), (2, 'C', 0, ''), (7, 'C', 0, '')], 1063: [(3, 'C', 2, 'CC=C(CC)C(C)C')], 1380: [(3, 'C', 0, ''), (6, 'C', 0, '')], 1684: [(6, 'C', 2, 'CC=C(C)CC')], 1722: [(7, 'C', 1, 'CC')], 1781: [(4, 'C', 1, 'C=CC'), (8, 'C', 1, 'C=CC')], 1873: [(4, 'C', 0, ''), (8, 'C', 0, '')], 1969: [(3, 'C', 1, 'C=C(C)C')], 1979: [(6, 'C', 1, 'C=C(C)C')], 1983: [(5, 'C', 2, 'C=CCC(=C)C')]}; {1: [(1, 'C', 0, '')], 283: [(0, 'C', 1, 'CC'), (2, 'C', 1, 'CC')], 287: [(6, 'C', 2, 'ccc(C)c(c)O')], 598: [(1, 'C', 1, 'CC(C)c')], 741: [(8, 'C', 2, 'ccc(O)c(c)C')], 807: [(9, 'O', 0, '')], 875: [(10, 'C', 1, 'ccc')], 1057: [(0, 'C', 0, ''), (2, 'C', 0, ''), (7, 'C', 0, '')], 1365: [(3, 'C', 1, 'cc(c)C')], 1380: [(3, 'C', 0, ''), (6, 'C', 0, ''), (8, 'C', 0, '')], 1391: [(6, 'C', 1, 'cc(c)C')], 1602: [(9, 'O', 1, 'cO')], 1607: [(8, 'C', 1, 'cc(c)O')], 1691: [(5, 'C', 2, 'cccc(c)C')], 1722: [(7, 'C', 1, 'cC')], 1750: [(4, 'C', 1, 'ccc'), (5, 'C', 1, 'ccc')], 1784: [(10, 'C', 2, 'cc(C)cc(c)O')], 1804: [(1, 'C', 2, 'cc(c)C(C)C')], 1853: [(4, 'C', 2, 'cccc(c)C')], 1873: [(4, 'C', 0, ''), (5, 'C', 0, ''), (10, 'C', 0, '')], 1930: [(3, 'C', 2, 'ccc(cc)C(C)C')]}"
Thymus mongolicus,1,DOI:10.3390/molecules26020307,1,"{1: [(1, 'C', 0, '')], 283: [(0, 'C', 1, 'CC'), (2, 'C', 1, 'CC')], 287: [(6, 'C', 2, 'ccc(C)c(c)O')], 598: [(1, 'C', 1, 'CC(C)c')], 741: [(8, 'C', 2, 'ccc(O)c(c)C')], 807: [(9, 'O', 0, '')], 875: [(10, 'C', 1, 'ccc')], 1057: [(0, 'C', 0, ''), (2, 'C', 0, ''), (7, 'C', 0, '')], 1365: [(3, 'C', 1, 'cc(c)C')], 1380: [(3, 'C', 0, ''), (6, 'C', 0, ''), (8, 'C', 0, '')], 1391: [(6, 'C', 1, 'cc(c)C')], 1602: [(9, 'O', 1, 'cO')], 1607: [(8, 'C', 1, 'cc(c)O')], 1691: [(5, 'C', 2, 'cccc(c)C')], 1722: [(7, 'C', 1, 'cC')], 1750: [(4, 'C', 1, 'ccc'), (5, 'C', 1, 'ccc')], 1784: [(10, 'C', 2, 'cc(C)cc(c)O')], 1804: [(1, 'C', 2, 'cc(c)C(C)C')], 1853: [(4, 'C', 2, 'cccc(c)C')], 1873: [(4, 'C', 0, ''), (5, 'C', 0, ''), (10, 'C', 0, '')], 1930: [(3, 'C', 2, 'ccc(cc)C(C)C')]}; {1: [(1, 'C', 0, '')], 235: [(5, 'C', 2, 'cccc(c)C'), (8, 'C', 2, 'cccc(c)C')], 283: [(0, 'C', 1, 'CC'), (2, 'C', 1, 'CC')], 561: [(3, 'C', 2, 'ccc(cc)C(C)C')], 598: [(1, 'C', 1, 'CC(C)c')], 1057: [(0, 'C', 0, ''), (2, 'C', 0, ''), (7, 'C', 0, '')], 1365: [(3, 'C', 1, 'cc(c)C')], 1380: [(3, 'C', 0, ''), (6, 'C', 0, '')], 1722: [(7, 'C', 1, 'cC')], 1750: [(4, 'C', 1, 'ccc'), (5, 'C', 1, 'ccc'), (8, 'C', 1, 'ccc'), (9, 'C', 1, 'ccc')], 1804: [(1, 'C', 2, 'cc(c)C(C)C')], 1823: [(6, 'C', 1, 'cc(c)C')], 1853: [(4, 'C', 2, 'cccc(c)C'), (9, 'C', 2, 'cccc(c)C')], 1873: [(4, 'C', 0, ''), (5, 'C', 0, ''), (8, 'C', 0, ''), (9, 'C', 0, '')], 1920: [(6, 'C', 2, 'ccc(C)cc')]}"
Thymus quinquecostatus,1,DOI:10.1007/BF02973874,1,"{44: [(9, 'C', 2, 'C=CCO')], 80: [(4, 'C', 0, ''), (5, 'C', 0, ''), (9, 'C', 0, '')], 101: [(5, 'C', 2, 'C=C(C)CCC')], 222: [(10, 'O', 1, 'CO')], 357: [(4, 'C', 2, 'C=CCCC')], 385: [(6, 'C', 2, 'C/C=C(\\C)CC')], 401: [(4, 'C', 1, 'CCC')], 479: [(3, 'C', 1, 'C=CC'), (8, 'C', 1, 'C=CC')], 694: [(3, 'C', 0, ''), (8, 'C', 0, '')], 807: [(1, 'C', 0, ''), (6, 'C', 0, ''), (10, 'O', 0, '')], 1017: [(0, 'C', 1, 'CC'), (2, 'C', 1, 'CC'), (7, 'C', 1, 'CC')], 1057: [(0, 'C', 0, ''), (2, 'C', 0, ''), (7, 'C', 0, '')], 1257: [(1, 'C', 1, 'C=C(C)C')], 1325: [(8, 'C', 2, 'CC(C)=CCO')], 1564: [(5, 'C', 1, 'CCC')], 1574: [(3, 'C', 2, 'CCC=C(C)C')], 1582: [(1, 'C', 2, 'CC=C(C)C')], 1599: [(9, 'C', 1, 'CCO')], 1714: [(6, 'C', 1, 'C=C(C)C')]}; {1: [(1, 'C', 0, '')], 283: [(0, 'C', 1, 'CC'), (2, 'C', 1, 'CC')], 287: [(6, 'C', 2, 'ccc(C)c(c)O')], 598: [(1, 'C', 1, 'CC(C)c')], 741: [(8, 'C', 2, 'ccc(O)c(c)C')], 807: [(9, 'O', 0, '')], 875: [(10, 'C', 1, 'ccc')], 1057: [(0, 'C', 0, ''), (2, 'C', 0, ''), (7, 'C', 0, '')], 1365: [(3, 'C', 1, 'cc(c)C')], 1380: [(3, 'C', 0, ''), (6, 'C', 0, ''), (8, 'C', 0, '')], 1391: [(6, 'C', 1, 'cc(c)C')], 1602: [(9, 'O', 1, 'cO')], 1607: [(8, 'C', 1, 'cc(c)O')], 1691: [(5, 'C', 2, 'cccc(c)C')], 1722: [(7, 'C', 1, 'cC')], 1750: [(4, 'C', 1, 'ccc'), (5, 'C', 1, 'ccc')], 1784: [(10, 'C', 2, 'cc(C)cc(c)O')], 1804: [(1, 'C', 2, 'cc(c)C(C)C')], 1853: [(4, 'C', 2, 'cccc(c)C')], 1873: [(4, 'C', 0, ''), (5, 'C', 0, ''), (10, 'C', 0, '')], 1930: [(3, 'C', 2, 'ccc(cc)C(C)C')]}"
Thymus riatarum,1,DOI:10.3390/medicines3030019,1,"{1: [(1, 'C', 0, '')], 210: [(4, 'C', 2, 'CCC=C(C)C')], 216: [(8, 'C', 2, 'CCC=C(C)C')], 237: [(5, 'C', 1, 'CCC'), (9, 'C', 1, 'CCC')], 283: [(0, 'C', 1, 'CC'), (2, 'C', 1, 'CC')], 598: [(1, 'C', 1, 'CC(C)C')], 690: [(1, 'C', 2, 'C=C(C)C(C)C')], 926: [(5, 'C', 0, ''), (9, 'C', 0, '')], 936: [(9, 'C', 2, 'C=CCC(=C)C')], 1057: [(0, 'C', 0, ''), (2, 'C', 0, ''), (7, 'C', 0, '')], 1063: [(3, 'C', 2, 'CC=C(CC)C(C)C')], 1380: [(3, 'C', 0, ''), (6, 'C', 0, '')], 1684: [(6, 'C', 2, 'CC=C(C)CC')], 1722: [(7, 'C', 1, 'CC')], 1781: [(4, 'C', 1, 'C=CC'), (8, 'C', 1, 'C=CC')], 1873: [(4, 'C', 0, ''), (8, 'C', 0, '')], 1969: [(3, 'C', 1, 'C=C(C)C')], 1979: [(6, 'C', 1, 'C=C(C)C')], 1983: [(5, 'C', 2, 'C=CCC(=C)C')]}; {186: [(1, 'C', 2, 'CC(C)C(C)(C)C(C)(C)C')], 375: [(10, 'C', 2, 'CC(C)CC(C)O')], 528: [(3, 'C', 1, 'CC(C)C')], 555: [(5, 'C', 2, 'CCCC(C)(C)C')], 760: [(8, 'C', 1, 'CC(C)O')], 764: [(1, 'C', 1, 'CC(C)(C)C')], 807: [(9, 'O', 0, '')], 868: [(8, 'C', 2, 'CCC(O)C(C)(C)C')], 926: [(4, 'C', 0, ''), (5, 'C', 0, ''), (10, 'C', 0, '')], 1019: [(3, 'C', 0, ''), (8, 'C', 0, '')], 1057: [(0, 'C', 0, ''), (2, 'C', 0, ''), (7, 'C', 0, '')], 1060: [(1, 'C', 0, ''), (6, 'C', 0, '')], 1162: [(5, 'C', 1, 'CCC')], 1257: [(9, 'O', 1, 'CO')], 1258: [(4, 'C', 2, 'CCCC(C)C')], 1274: [(0, 'C', 1, 'CC'), (2, 'C', 1, 'CC'), (7, 'C', 1, 'CC')], 1292: [(10, 'C', 1, 'CCC')], 1325: [(4, 'C', 1, 'CCC')], 1436: [(6, 'C', 1, 'CC(C)(C)C')], 1601: [(3, 'C', 2, 'CCC(CC)C(C)(C)C')], 1992: [(6, 'C', 2, 'CCC(C)(C(C)O)C(C)(C)C')]}; {1: [(1, 'C', 0, '')], 283: [(0, 'C', 1, 'CC'), (2, 'C', 1, 'CC')], 287: [(6, 'C', 2, 'ccc(C)c(c)O')], 598: [(1, 'C', 1, 'CC(C)c')], 741: [(8, 'C', 2, 'ccc(O)c(c)C')], 807: [(9, 'O', 0, '')], 875: [(10, 'C', 1, 'ccc')], 1057: [(0, 'C', 0, ''), (2, 'C', 0, ''), (7, 'C', 0, '')], 1365: [(3, 'C', 1, 'cc(c)C')], 1380: [(3, 'C', 0, ''), (6, 'C', 0, ''), (8, 'C', 0, '')], 1391: [(6, 'C', 1, 'cc(c)C')], 1602: [(9, 'O', 1, 'cO')], 1607: [(8, 'C', 1, 'cc(c)O')], 1691: [(5, 'C', 2, 'cccc(c)C')], 1722: [(7, 'C', 1, 'cC')], 1750: [(4, 'C', 1, 'ccc'), (5, 'C', 1, 'ccc')], 1784: [(10, 'C', 2, 'cc(C)cc(c)O')], 1804: [(1, 'C', 2, 'cc(c)C(C)C')], 1853: [(4, 'C', 2, 'cccc(c)C')], 1873: [(4, 'C', 0, ''), (5, 'C', 0, ''), (10, 'C', 0, '')], 1930: [(3, 'C', 2, 'ccc(cc)C(C)C')]}; {1: [(1, 'C', 0, '')], 235: [(5, 'C', 2, 'cccc(c)C'), (8, 'C', 2, 'cccc(c)C')], 283: [(0, 'C', 1, 'CC'), (2, 'C', 1, 'CC')], 561: [(3, 'C', 2, 'ccc(cc)C(C)C')], 598: [(1, 'C', 1, 'CC(C)c')], 1057: [(0, 'C', 0, ''), (2, 'C', 0, ''), (7, 'C', 0, '')], 1365: [(3, 'C', 1, 'cc(c)C')], 1380: [(3, 'C', 0, ''), (6, 'C', 0, '')], 1722: [(7, 'C', 1, 'cC')], 1750: [(4, 'C', 1, 'ccc'), (5, 'C', 1, 'ccc'), (8, 'C', 1, 'ccc'), (9, 'C', 1, 'ccc')], 1804: [(1, 'C', 2, 'cc(c)C(C)C')], 1823: [(6, 'C', 1, 'cc(c)C')], 1853: [(4, 'C', 2, 'cccc(c)C'), (9, 'C', 2, 'cccc(c)C')], 1873: [(4, 'C', 0, ''), (5, 'C', 0, ''), (8, 'C', 0, ''), (9, 'C', 0, '')], 1920: [(6, 'C', 2, 'ccc(C)cc')]}"
Thymus richardii,1,DOI:10.3390/molecules28124803,1,"{1: [(1, 'C', 0, '')], 283: [(0, 'C', 1, 'CC'), (2, 'C', 1, 'CC')], 287: [(6, 'C', 2, 'ccc(C)c(c)O')], 598: [(1, 'C', 1, 'CC(C)c')], 741: [(8, 'C', 2, 'ccc(O)c(c)C')], 807: [(9, 'O', 0, '')], 875: [(10, 'C', 1, 'ccc')], 1057: [(0, 'C', 0, ''), (2, 'C', 0, ''), (7, 'C', 0, '')], 1365: [(3, 'C', 1, 'cc(c)C')], 1380: [(3, 'C', 0, ''), (6, 'C', 0, ''), (8, 'C', 0, '')], 1391: [(6, 'C', 1, 'cc(c)C')], 1602: [(9, 'O', 1, 'cO')], 1607: [(8, 'C', 1, 'cc(c)O')], 1691: [(5, 'C', 2, 'cccc(c)C')], 1722: [(7, 'C', 1, 'cC')], 1750: [(4, 'C', 1, 'ccc'), (5, 'C', 1, 'ccc')], 1784: [(10, 'C', 2, 'cc(C)cc(c)O')], 1804: [(1, 'C', 2, 'cc(c)C(C)C')], 1853: [(4, 'C', 2, 'cccc(c)C')], 1873: [(4, 'C', 0, ''), (5, 'C', 0, ''), (10, 'C', 0, '')], 1930: [(3, 'C', 2, 'ccc(cc)C(C)C')]}; {67: [(13, 'C', 2, 'CCC=C(C)C')], 80: [(4, 'C', 0, ''), (5, 'C', 0, '')], 133: [(6, 'C', 2, 'C=C(CC)C(C)C')], 357: [(4, 'C', 2, 'C=CCCC')], 401: [(4, 'C', 1, 'CCC')], 479: [(3, 'C', 1, 'C=CC')], 598: [(14, 'C', 1, 'CCC')], 694: [(3, 'C', 0, '')], 807: [(1, 'C', 0, ''), (6, 'C', 0, '')], 835: [(10, 'C', 2, 'C=C(C)CCC')], 872: [(11, 'C', 2, 'CC=C(C)CC')], 926: [(9, 'C', 0, ''), (10, 'C', 0, ''), (14, 'C', 0, '')], 974: [(8, 'C', 1, 'CC(C)C')], 1017: [(0, 'C', 1, 'CC'), (2, 'C', 1, 'CC')], 1019: [(8, 'C', 0, '')], 1022: [(7, 'C', 1, 'C=C')], 1057: [(0, 'C', 0, ''), (2, 'C', 0, ''), (12, 'C', 0, '')], 1247: [(8, 'C', 2, 'C=C(C)C(CC)CC')], 1257: [(1, 'C', 1, 'C=C(C)C')], 1314: [(6, 'C', 1, 'C=C(C)C')], 1325: [(9, 'C', 1, 'CCC')], 1366: [(7, 'C', 0, '')], 1380: [(11, 'C', 0, '')], 1429: [(5, 'C', 2, 'C=C(C)CCC')], 1564: [(5, 'C', 1, 'CCC')], 1574: [(3, 'C', 2, 'CCC=C(C)C')], 1579: [(14, 'C', 2, 'C=CCC(C)C')], 1582: [(1, 'C', 2, 'CC=C(C)C')], 1722: [(12, 'C', 1, 'CC')], 1738: [(10, 'C', 1, 'CCC')], 1781: [(13, 'C', 1, 'C=CC')], 1784: [(9, 'C', 2, 'CCCC(C)C')], 1873: [(13, 'C', 0, '')], 1979: [(11, 'C', 1, 'C=C(C)C')]}; {1: [(9, 'C', 0, '')], 121: [(9, 'C', 2, 'cc(c)C(C)C')], 235: [(6, 'C', 2, 'cccc(c)C')], 237: [(8, 'C', 1, 'cc(c)C')], 249: [(1, 'O', 2, 'cc(c)OC')], 283: [(10, 'C', 1, 'CC'), (11, 'C', 1, 'CC')], 598: [(9, 'C', 1, 'cC(C)C')], 695: [(1, 'O', 0, '')], 805: [(7, 'C', 2, 'cccc(c)C')], 841: [(0, 'C', 1, 'CO')], 875: [(3, 'C', 1, 'ccc')], 1013: [(4, 'C', 2, 'ccc(C)cc')], 1057: [(0, 'C', 0, ''), (5, 'C', 0, ''), (10, 'C', 0, ''), (11, 'C', 0, '')], 1110: [(3, 'C', 2, 'cc(C)cc(c)O')], 1115: [(8, 'C', 2, 'ccc(c(c)O)C(C)C')], 1380: [(2, 'C', 0, ''), (4, 'C', 0, ''), (8, 'C', 0, '')], 1536: [(1, 'O', 1, 'COc')], 1722: [(5, 'C', 1, 'cC')], 1750: [(6, 'C', 1, 'ccc'), (7, 'C', 1, 'ccc')], 1823: [(4, 'C', 1, 'cc(c)C')], 1873: [(3, 'C', 0, ''), (6, 'C', 0, ''), (7, 'C', 0, '')], 1924: [(2, 'C', 2, 'ccc(OC)c(c)C')], 1970: [(2, 'C', 1, 'cc(c)O')]}"
Thymus satureoides,1,DOI:10.1016/j.foodcont.2005.11.009,1,"{1: [(1, 'C', 0, '')], 283: [(0, 'C', 1, 'CC'), (2, 'C', 1, 'CC')], 287: [(6, 'C', 2, 'ccc(C)c(c)O')], 598: [(1, 'C', 1, 'CC(C)c')], 741: [(8, 'C', 2, 'ccc(O)c(c)C')], 807: [(9, 'O', 0, '')], 875: [(10, 'C', 1, 'ccc')], 1057: [(0, 'C', 0, ''), (2, 'C', 0, ''), (7, 'C', 0, '')], 1365: [(3, 'C', 1, 'cc(c)C')], 1380: [(3, 'C', 0, ''), (6, 'C', 0, ''), (8, 'C', 0, '')], 1391: [(6, 'C', 1, 'cc(c)C')], 1602: [(9, 'O', 1, 'cO')], 1607: [(8, 'C', 1, 'cc(c)O')], 1691: [(5, 'C', 2, 'cccc(c)C')], 1722: [(7, 'C', 1, 'cC')], 1750: [(4, 'C', 1, 'ccc'), (5, 'C', 1, 'ccc')], 1784: [(10, 'C', 2, 'cc(C)cc(c)O')], 1804: [(1, 'C', 2, 'cc(c)C(C)C')], 1853: [(4, 'C', 2, 'cccc(c)C')], 1873: [(4, 'C', 0, ''), (5, 'C', 0, ''), (10, 'C', 0, '')], 1930: [(3, 'C', 2, 'ccc(cc)C(C)C')]}; {186: [(1, 'C', 2, 'CC(C)C(C)(C)C(C)(C)C')], 375: [(10, 'C', 2, 'CC(C)CC(C)O')], 528: [(3, 'C', 1, 'CC(C)C')], 555: [(5, 'C', 2, 'CCCC(C)(C)C')], 760: [(8, 'C', 1, 'CC(C)O')], 764: [(1, 'C', 1, 'CC(C)(C)C')], 807: [(9, 'O', 0, '')], 868: [(8, 'C', 2, 'CCC(O)C(C)(C)C')], 926: [(4, 'C', 0, ''), (5, 'C', 0, ''), (10, 'C', 0, '')], 1019: [(3, 'C', 0, ''), (8, 'C', 0, '')], 1057: [(0, 'C', 0, ''), (2, 'C', 0, ''), (7, 'C', 0, '')], 1060: [(1, 'C', 0, ''), (6, 'C', 0, '')], 1162: [(5, 'C', 1, 'CCC')], 1257: [(9, 'O', 1, 'CO')], 1258: [(4, 'C', 2, 'CCCC(C)C')], 1274: [(0, 'C', 1, 'CC'), (2, 'C', 1, 'CC'), (7, 'C', 1, 'CC')], 1292: [(10, 'C', 1, 'CCC')], 1325: [(4, 'C', 1, 'CCC')], 1436: [(6, 'C', 1, 'CC(C)(C)C')], 1601: [(3, 'C', 2, 'CCC(CC)C(C)(C)C')], 1992: [(6, 'C', 2, 'CCC(C)(C(C)O)C(C)(C)C')]}; {1: [(1, 'C', 0, '')], 121: [(1, 'C', 2, 'cc(c)C(C)C')], 142: [(8, 'C', 2, 'cc(C)cc(c)O')], 235: [(5, 'C', 2, 'cccc(c)C')], 237: [(3, 'C', 1, 'cc(c)C')], 283: [(0, 'C', 1, 'CC'), (2, 'C', 1, 'CC')], 448: [(3, 'C', 2, 'ccc(c(c)O)C(C)C')], 598: [(1, 'C', 1, 'CC(C)c')], 805: [(4, 'C', 2, 'cccc(c)C')], 807: [(10, 'O', 0, '')], 875: [(8, 'C', 1, 'ccc')], 1013: [(6, 'C', 2, 'ccc(C)cc')], 1057: [(0, 'C', 0, ''), (2, 'C', 0, ''), (7, 'C', 0, '')], 1380: [(3, 'C', 0, ''), (6, 'C', 0, ''), (9, 'C', 0, '')], 1602: [(10, 'O', 1, 'cO')], 1607: [(9, 'C', 1, 'cc(c)O')], 1722: [(7, 'C', 1, 'cC')], 1750: [(4, 'C', 1, 'ccc'), (5, 'C', 1, 'ccc')], 1823: [(6, 'C', 1, 'cc(c)C')], 1873: [(4, 'C', 0, ''), (5, 'C', 0, ''), (8, 'C', 0, '')], 1875: [(9, 'C', 2, 'ccc(O)c(c)C')]}; {67: [(2, 'C', 2, 'CCC=C(C)C')], 114: [(7, 'C', 0, '')], 392: [(8, 'C', 1, 'CC'), (9, 'C', 1, 'CC')], 417: [(3, 'C', 2, 'C=CCC(C)C')], 598: [(3, 'C', 1, 'CCC')], 807: [(10, 'O', 0, '')], 835: [(6, 'C', 2, 'C=C(C)CCC')], 872: [(1, 'C', 2, 'CC=C(C)CC')], 926: [(3, 'C', 0, ''), (5, 'C', 0, ''), (6, 'C', 0, '')], 1019: [(4, 'C', 0, '')], 1057: [(0, 'C', 0, ''), (8, 'C', 0, ''), (9, 'C', 0, '')], 1096: [(4, 'C', 1, 'CC(C)C')], 1325: [(5, 'C', 1, 'CCC')], 1380: [(1, 'C', 0, '')], 1388: [(7, 'C', 2, 'CC(C)C(C)(C)O')], 1518: [(4, 'C', 2, 'CCC(CC)C(C)(C)O')], 1604: [(7, 'C', 1, 'CC(C)(C)O')], 1650: [(5, 'C', 2, 'CCCC(C)C')], 1722: [(0, 'C', 1, 'CC')], 1738: [(6, 'C', 1, 'CCC')], 1781: [(2, 'C', 1, 'C=CC')], 1873: [(2, 'C', 0, '')], 1908: [(10, 'O', 1, 'CO')], 1979: [(1, 'C', 1, 'C=C(C)C')]}"
Thymus vulgaris,1,DOI:10.1016/j.foodcont.2005.11.009,1,"{1: [(1, 'C', 0, '')], 210: [(4, 'C', 2, 'CCC=C(C)C')], 216: [(8, 'C', 2, 'CCC=C(C)C')], 237: [(5, 'C', 1, 'CCC'), (9, 'C', 1, 'CCC')], 283: [(0, 'C', 1, 'CC'), (2, 'C', 1, 'CC')], 598: [(1, 'C', 1, 'CC(C)C')], 690: [(1, 'C', 2, 'C=C(C)C(C)C')], 926: [(5, 'C', 0, ''), (9, 'C', 0, '')], 936: [(9, 'C', 2, 'C=CCC(=C)C')], 1057: [(0, 'C', 0, ''), (2, 'C', 0, ''), (7, 'C', 0, '')], 1063: [(3, 'C', 2, 'CC=C(CC)C(C)C')], 1380: [(3, 'C', 0, ''), (6, 'C', 0, '')], 1684: [(6, 'C', 2, 'CC=C(C)CC')], 1722: [(7, 'C', 1, 'CC')], 1781: [(4, 'C', 1, 'C=CC'), (8, 'C', 1, 'C=CC')], 1873: [(4, 'C', 0, ''), (8, 'C', 0, '')], 1969: [(3, 'C', 1, 'C=C(C)C')], 1979: [(6, 'C', 1, 'C=C(C)C')], 1983: [(5, 'C', 2, 'C=CCC(=C)C')]}; {1: [(1, 'C', 0, '')], 121: [(1, 'C', 2, 'cc(c)C(C)C')], 142: [(8, 'C', 2, 'cc(C)cc(c)O')], 235: [(5, 'C', 2, 'cccc(c)C')], 237: [(3, 'C', 1, 'cc(c)C')], 283: [(0, 'C', 1, 'CC'), (2, 'C', 1, 'CC')], 448: [(3, 'C', 2, 'ccc(c(c)O)C(C)C')], 598: [(1, 'C', 1, 'CC(C)c')], 805: [(4, 'C', 2, 'cccc(c)C')], 807: [(10, 'O', 0, '')], 875: [(8, 'C', 1, 'ccc')], 1013: [(6, 'C', 2, 'ccc(C)cc')], 1057: [(0, 'C', 0, ''), (2, 'C', 0, ''), (7, 'C', 0, '')], 1380: [(3, 'C', 0, ''), (6, 'C', 0, ''), (9, 'C', 0, '')], 1602: [(10, 'O', 1, 'cO')], 1607: [(9, 'C', 1, 'cc(c)O')], 1722: [(7, 'C', 1, 'cC')], 1750: [(4, 'C', 1, 'ccc'), (5, 'C', 1, 'ccc')], 1823: [(6, 'C', 1, 'cc(c)C')], 1873: [(4, 'C', 0, ''), (5, 'C', 0, ''), (8, 'C', 0, '')], 1875: [(9, 'C', 2, 'ccc(O)c(c)C')]}; {1: [(1, 'C', 0, '')], 235: [(5, 'C', 2, 'cccc(c)C'), (8, 'C', 2, 'cccc(c)C')], 283: [(0, 'C', 1, 'CC'), (2, 'C', 1, 'CC')], 561: [(3, 'C', 2, 'ccc(cc)C(C)C')], 598: [(1, 'C', 1, 'CC(C)c')], 1057: [(0, 'C', 0, ''), (2, 'C', 0, ''), (7, 'C', 0, '')], 1365: [(3, 'C', 1, 'cc(c)C')], 1380: [(3, 'C', 0, ''), (6, 'C', 0, '')], 1722: [(7, 'C', 1, 'cC')], 1750: [(4, 'C', 1, 'ccc'), (5, 'C', 1, 'ccc'), (8, 'C', 1, 'ccc'), (9, 'C', 1, 'ccc')], 1804: [(1, 'C', 2, 'cc(c)C(C)C')], 1823: [(6, 'C', 1, 'cc(c)C')], 1853: [(4, 'C', 2, 'cccc(c)C'), (9, 'C', 2, 'cccc(c)C')], 1873: [(4, 'C', 0, ''), (5, 'C', 0, ''), (8, 'C', 0, ''), (9, 'C', 0, '')], 1920: [(6, 'C', 2, 'ccc(C)cc')]}"
Thymus zygis,1,DOI:10.1111/j.1600-0463.2005.apm1130101.x,1,"{1: [(1, 'C', 0, '')], 121: [(1, 'C', 2, 'cc(c)C(C)C')], 142: [(8, 'C', 2, 'cc(C)cc(c)O')], 235: [(5, 'C', 2, 'cccc(c)C')], 237: [(3, 'C', 1, 'cc(c)C')], 283: [(0, 'C', 1, 'CC'), (2, 'C', 1, 'CC')], 448: [(3, 'C', 2, 'ccc(c(c)O)C(C)C')], 598: [(1, 'C', 1, 'CC(C)c')], 805: [(4, 'C', 2, 'cccc(c)C')], 807: [(10, 'O', 0, '')], 875: [(8, 'C', 1, 'ccc')], 1013: [(6, 'C', 2, 'ccc(C)cc')], 1057: [(0, 'C', 0, ''), (2, 'C', 0, ''), (7, 'C', 0, '')], 1380: [(3, 'C', 0, ''), (6, 'C', 0, ''), (9, 'C', 0, '')], 1602: [(10, 'O', 1, 'cO')], 1607: [(9, 'C', 1, 'cc(c)O')], 1722: [(7, 'C', 1, 'cC')], 1750: [(4, 'C', 1, 'ccc'), (5, 'C', 1, 'ccc')], 1823: [(6, 'C', 1, 'cc(c)C')], 1873: [(4, 'C', 0, ''), (5, 'C', 0, ''), (8, 'C', 0, '')], 1875: [(9, 'C', 2, 'ccc(O)c(c)C')]}; {1: [(1, 'C', 0, '')], 235: [(5, 'C', 2, 'cccc(c)C'), (8, 'C', 2, 'cccc(c)C')], 283: [(0, 'C', 1, 'CC'), (2, 'C', 1, 'CC')], 561: [(3, 'C', 2, 'ccc(cc)C(C)C')], 598: [(1, 'C', 1, 'CC(C)c')], 1057: [(0, 'C', 0, ''), (2, 'C', 0, ''), (7, 'C', 0, '')], 1365: [(3, 'C', 1, 'cc(c)C')], 1380: [(3, 'C', 0, ''), (6, 'C', 0, '')], 1722: [(7, 'C', 1, 'cC')], 1750: [(4, 'C', 1, 'ccc'), (5, 'C', 1, 'ccc'), (8, 'C', 1, 'ccc'), (9, 'C', 1, 'ccc')], 1804: [(1, 'C', 2, 'cc(c)C(C)C')], 1823: [(6, 'C', 1, 'cc(c)C')], 1853: [(4, 'C', 2, 'cccc(c)C'), (9, 'C', 2, 'cccc(c)C')], 1873: [(4, 'C', 0, ''), (5, 'C', 0, ''), (8, 'C', 0, ''), (9, 'C', 0, '')], 1920: [(6, 'C', 2, 'ccc(C)cc')]}"
