Plant_Species,Salmonella Typhimurium,Reference,Bit_1999,BitInterpretations
Achillea ligustica,0,No Reference,1,"{80: [(3, 'C', 0, ''), (4, 'C', 0, '')], 114: [(5, 'C', 0, '')], 392: [(6, 'C', 1, 'CC')], 401: [(3, 'C', 1, 'CCC')], 479: [(2, 'C', 1, 'C=CC')], 694: [(2, 'C', 0, ''), (7, 'C', 0, '')], 807: [(1, 'C', 0, ''), (9, 'O', 0, '')], 906: [(7, 'C', 2, 'C=CC(C)(C)O')], 973: [(4, 'C', 2, 'CCCC(C)(C)O')], 1017: [(0, 'C', 1, 'CC'), (10, 'C', 1, 'CC')], 1057: [(0, 'C', 0, ''), (6, 'C', 0, ''), (10, 'C', 0, '')], 1125: [(3, 'C', 2, 'C=CCCC')], 1257: [(1, 'C', 1, 'C=C(C)C')], 1308: [(4, 'C', 1, 'CCC')], 1366: [(8, 'C', 0, '')], 1485: [(7, 'C', 1, 'C=CC')], 1574: [(2, 'C', 2, 'CCC=C(C)C')], 1582: [(1, 'C', 2, 'CC=C(C)C')], 1645: [(8, 'C', 1, 'C=C')], 1722: [(5, 'C', 1, 'CC(C)(C)O')], 1908: [(9, 'O', 1, 'CO')], 1999: [(5, 'C', 2, 'C=CC(C)(O)CC')]}"
Aeollanthus suaveolens,0,No Reference,1,"{80: [(3, 'C', 0, ''), (4, 'C', 0, '')], 114: [(5, 'C', 0, '')], 392: [(6, 'C', 1, 'CC')], 401: [(3, 'C', 1, 'CCC')], 479: [(2, 'C', 1, 'C=CC')], 694: [(2, 'C', 0, ''), (7, 'C', 0, '')], 807: [(1, 'C', 0, ''), (9, 'O', 0, '')], 906: [(7, 'C', 2, 'C=CC(C)(C)O')], 973: [(4, 'C', 2, 'CCCC(C)(C)O')], 1017: [(0, 'C', 1, 'CC'), (10, 'C', 1, 'CC')], 1057: [(0, 'C', 0, ''), (6, 'C', 0, ''), (10, 'C', 0, '')], 1125: [(3, 'C', 2, 'C=CCCC')], 1257: [(1, 'C', 1, 'C=C(C)C')], 1308: [(4, 'C', 1, 'CCC')], 1366: [(8, 'C', 0, '')], 1485: [(7, 'C', 1, 'C=CC')], 1574: [(2, 'C', 2, 'CCC=C(C)C')], 1582: [(1, 'C', 2, 'CC=C(C)C')], 1645: [(8, 'C', 1, 'C=C')], 1722: [(5, 'C', 1, 'CC(C)(C)O')], 1908: [(9, 'O', 1, 'CO')], 1999: [(5, 'C', 2, 'C=CC(C)(O)CC')]}; {80: [(3, 'C', 0, ''), (4, 'C', 0, ''), (7, 'C', 0, ''), (8, 'C', 0, '')], 101: [(4, 'C', 2, 'C=C(C)CCC')], 119: [(8, 'C', 2, 'C=C(C)CCC')], 237: [(6, 'C', 2, 'CCC=C(C)C')], 357: [(3, 'C', 2, 'C=CCCC'), (7, 'C', 2, 'C=CCCC')], 385: [(5, 'C', 2, 'CC=C(C)CC')], 401: [(3, 'C', 1, 'CCC'), (7, 'C', 1, 'CCC')], 479: [(2, 'C', 1, 'C=CC'), (6, 'C', 1, 'C=CC')], 694: [(2, 'C', 0, ''), (6, 'C', 0, ''), (11, 'C', 0, '')], 807: [(1, 'C', 0, ''), (5, 'C', 0, ''), (9, 'C', 0, '')], 959: [(11, 'C', 1, 'C=CC')], 1017: [(0, 'C', 1, 'CC'), (13, 'C', 1, 'CC'), (14, 'C', 1, 'CC')], 1022: [(10, 'C', 1, 'C=C')], 1057: [(0, 'C', 0, ''), (13, 'C', 0, ''), (14, 'C', 0, '')], 1170: [(9, 'C', 2, 'C=CC(=C)CC')], 1257: [(1, 'C', 1, 'C=C(C)C')], 1366: [(10, 'C', 0, ''), (12, 'C', 0, '')], 1564: [(4, 'C', 1, 'CCC'), (8, 'C', 1, 'CCC')], 1574: [(2, 'C', 2, 'CCC=C(C)C')], 1582: [(1, 'C', 2, 'CC=C(C)C')], 1645: [(12, 'C', 1, 'C=C')], 1714: [(5, 'C', 1, 'C=C(C)C')], 1736: [(9, 'C', 1, 'C=C(C)C')], 1996: [(11, 'C', 2, 'C=CC(=C)C')]}; {75: [(10, 'C', 2, 'COC(C)=O')], 80: [(3, 'C', 0, ''), (4, 'C', 0, '')], 114: [(5, 'C', 0, '')], 135: [(7, 'C', 2, 'C=CC(C)(C)O')], 193: [(9, 'O', 2, 'CC(=O)OC(C)(C)C')], 231: [(9, 'O', 1, 'COC')], 392: [(6, 'C', 1, 'CC')], 401: [(3, 'C', 1, 'CCC')], 479: [(2, 'C', 1, 'C=CC')], 650: [(11, 'O', 0, '')], 694: [(2, 'C', 0, ''), (7, 'C', 0, '')], 695: [(9, 'O', 0, '')], 807: [(1, 'C', 0, ''), (10, 'C', 0, '')], 1017: [(0, 'C', 1, 'CC'), (12, 'C', 1, 'CC'), (13, 'C', 1, 'CC')], 1035: [(10, 'C', 1, 'CC(=O)O')], 1057: [(0, 'C', 0, ''), (6, 'C', 0, ''), (12, 'C', 0, ''), (13, 'C', 0, '')], 1125: [(3, 'C', 2, 'C=CCCC')], 1180: [(4, 'C', 2, 'CCCC(C)(C)O')], 1257: [(1, 'C', 1, 'C=C(C)C')], 1308: [(4, 'C', 1, 'CCC')], 1366: [(8, 'C', 0, '')], 1485: [(7, 'C', 1, 'C=CC')], 1574: [(2, 'C', 2, 'CCC=C(C)C')], 1582: [(1, 'C', 2, 'CC=C(C)C')], 1645: [(8, 'C', 1, 'C=C')], 1791: [(5, 'C', 2, 'C=CC(C)(CC)OC')], 1917: [(11, 'O', 1, 'C=O')], 1929: [(5, 'C', 1, 'CC(C)(C)O')]}"
Agathosma rosmarinifolia,0,No Reference,1,"{80: [(3, 'C', 0, ''), (4, 'C', 0, '')], 114: [(5, 'C', 0, '')], 392: [(6, 'C', 1, 'CC')], 401: [(3, 'C', 1, 'CCC')], 479: [(2, 'C', 1, 'C=CC')], 694: [(2, 'C', 0, ''), (7, 'C', 0, '')], 807: [(1, 'C', 0, ''), (9, 'O', 0, '')], 906: [(7, 'C', 2, 'C=CC(C)(C)O')], 973: [(4, 'C', 2, 'CCCC(C)(C)O')], 1017: [(0, 'C', 1, 'CC'), (10, 'C', 1, 'CC')], 1057: [(0, 'C', 0, ''), (6, 'C', 0, ''), (10, 'C', 0, '')], 1125: [(3, 'C', 2, 'C=CCCC')], 1257: [(1, 'C', 1, 'C=C(C)C')], 1308: [(4, 'C', 1, 'CCC')], 1366: [(8, 'C', 0, '')], 1485: [(7, 'C', 1, 'C=CC')], 1574: [(2, 'C', 2, 'CCC=C(C)C')], 1582: [(1, 'C', 2, 'CC=C(C)C')], 1645: [(8, 'C', 1, 'C=C')], 1722: [(5, 'C', 1, 'CC(C)(C)O')], 1908: [(9, 'O', 1, 'CO')], 1999: [(5, 'C', 2, 'C=CC(C)(O)CC')]}; {1: [(1, 'C', 0, '')], 80: [(6, 'C', 0, '')], 116: [(5, 'S', 0, '')], 283: [(0, 'C', 1, 'CC'), (2, 'C', 1, 'CC')], 313: [(1, 'C', 2, 'CC(C)C(=O)S')], 479: [(7, 'C', 1, 'C=CC')], 650: [(4, 'O', 0, '')], 694: [(7, 'C', 0, '')], 807: [(3, 'C', 0, ''), (8, 'C', 0, '')], 1017: [(9, 'C', 1, 'CC'), (10, 'C', 1, 'CC')], 1057: [(0, 'C', 0, ''), (2, 'C', 0, ''), (9, 'C', 0, ''), (10, 'C', 0, '')], 1088: [(7, 'C', 2, 'CC(C)=CCS')], 1168: [(5, 'S', 1, 'CSC')], 1257: [(8, 'C', 1, 'C=C(C)C')], 1349: [(1, 'C', 1, 'CC(C)C')], 1517: [(3, 'C', 1, 'CC(=O)S')], 1582: [(8, 'C', 2, 'CC=C(C)C')], 1584: [(6, 'C', 1, 'CCS')], 1846: [(3, 'C', 2, 'CSC(=O)C(C)C')], 1917: [(4, 'O', 1, 'C=O')], 2023: [(5, 'S', 2, 'CCSC(C)=O')], 2027: [(6, 'C', 2, 'C=CCSC')]}; {80: [(1, 'C', 0, ''), (5, 'C', 0, ''), (9, 'C', 0, '')], 147: [(2, 'O', 1, 'COC'), (8, 'O', 1, 'COC')], 294: [(0, 'C', 1, 'CC'), (10, 'C', 1, 'CC')], 304: [(3, 'C', 2, 'CCC(=O)OC'), (6, 'C', 2, 'CCC(=O)OC')], 650: [(4, 'O', 0, ''), (7, 'O', 0, '')], 695: [(2, 'O', 0, ''), (8, 'O', 0, '')], 807: [(3, 'C', 0, ''), (6, 'C', 0, '')], 1057: [(0, 'C', 0, ''), (10, 'C', 0, '')], 1152: [(5, 'C', 1, 'CCC')], 1238: [(1, 'C', 1, 'CCO'), (9, 'C', 1, 'CCO')], 1386: [(3, 'C', 1, 'CC(=O)O'), (6, 'C', 1, 'CC(=O)O')], 1464: [(5, 'C', 2, 'O=C(O)CC(=O)O')], 1722: [(1, 'C', 2, 'CCOC'), (9, 'C', 2, 'CCOC')], 1917: [(4, 'O', 1, 'C=O'), (7, 'O', 1, 'C=O')], 2033: [(2, 'O', 2, 'CCOC(C)=O'), (8, 'O', 2, 'CCOC(C)=O')]}"
Artemisia chamaemelifolia,1,DOI:10.1590/S0102-695X2013000600002,1,"{19: [(1, 'C', 2, 'COC(C)(C)C(C)C')], 198: [(5, 'C', 2, 'CCC(C)(CC)OC')], 391: [(2, 'C', 2, 'CCC(CC)C(C)(C)O')], 528: [(2, 'C', 1, 'CC(C)C')], 656: [(6, 'O', 0, '')], 675: [(5, 'C', 1, 'CC(C)(C)O')], 926: [(3, 'C', 0, ''), (4, 'C', 0, ''), (7, 'C', 0, ''), (8, 'C', 0, '')], 1019: [(2, 'C', 0, '')], 1057: [(0, 'C', 0, ''), (9, 'C', 0, ''), (10, 'C', 0, '')], 1060: [(1, 'C', 0, ''), (5, 'C', 0, '')], 1162: [(4, 'C', 1, 'CCC'), (7, 'C', 1, 'CCC')], 1258: [(3, 'C', 2, 'CCCC(C)C'), (8, 'C', 2, 'CCCC(C)C')], 1274: [(0, 'C', 1, 'CC'), (9, 'C', 1, 'CC'), (10, 'C', 1, 'CC')], 1325: [(3, 'C', 1, 'CCC'), (8, 'C', 1, 'CCC')], 1424: [(1, 'C', 1, 'CC(C)(C)O')], 1516: [(6, 'O', 2, 'CC(C)(C)OC(C)(C)C')], 1714: [(4, 'C', 2, 'CCCC(C)(C)O'), (7, 'C', 2, 'CCCC(C)(C)O')], 1730: [(6, 'O', 1, 'COC')]}; {1: [(7, 'C', 0, '')], 283: [(8, 'C', 1, 'CC'), (9, 'C', 1, 'CC')], 287: [(1, 'C', 2, 'ccc(C)c(c)O')], 598: [(7, 'C', 1, 'cC(C)C')], 741: [(2, 'C', 2, 'ccc(O)c(c)C')], 807: [(10, 'O', 0, '')], 875: [(3, 'C', 1, 'ccc')], 1057: [(0, 'C', 0, ''), (8, 'C', 0, ''), (9, 'C', 0, '')], 1365: [(4, 'C', 1, 'cc(c)C')], 1380: [(1, 'C', 0, ''), (2, 'C', 0, ''), (4, 'C', 0, '')], 1391: [(1, 'C', 1, 'cc(c)C')], 1602: [(10, 'O', 1, 'cO')], 1607: [(2, 'C', 1, 'cc(c)O')], 1691: [(6, 'C', 2, 'cccc(c)C')], 1722: [(0, 'C', 1, 'Cc')], 1750: [(5, 'C', 1, 'ccc'), (6, 'C', 1, 'ccc')], 1784: [(3, 'C', 2, 'cc(C)cc(c)O')], 1804: [(7, 'C', 2, 'cc(c)C(C)C')], 1853: [(5, 'C', 2, 'cccc(c)C')], 1873: [(3, 'C', 0, ''), (5, 'C', 0, ''), (6, 'C', 0, '')], 1930: [(4, 'C', 2, 'ccc(cc)C(C)C')]}; {80: [(3, 'C', 0, ''), (4, 'C', 0, ''), (7, 'C', 0, ''), (8, 'C', 0, '')], 101: [(4, 'C', 2, 'C=C(C)CCC')], 114: [(9, 'C', 0, '')], 237: [(6, 'C', 2, 'CCC=C(C)C')], 357: [(3, 'C', 2, 'C=CCCC')], 385: [(5, 'C', 2, 'CC=C(C)CC')], 392: [(10, 'C', 1, 'CC')], 401: [(3, 'C', 1, 'CCC'), (7, 'C', 1, 'CCC')], 479: [(2, 'C', 1, 'C=CC'), (6, 'C', 1, 'C=CC')], 694: [(2, 'C', 0, ''), (6, 'C', 0, ''), (11, 'C', 0, '')], 807: [(1, 'C', 0, ''), (5, 'C', 0, ''), (13, 'O', 0, '')], 906: [(11, 'C', 2, 'C=CC(C)(C)O')], 973: [(8, 'C', 2, 'CCCC(C)(C)O')], 1017: [(0, 'C', 1, 'CC'), (14, 'C', 1, 'CC'), (15, 'C', 1, 'CC')], 1057: [(0, 'C', 0, ''), (10, 'C', 0, ''), (14, 'C', 0, ''), (15, 'C', 0, '')], 1125: [(7, 'C', 2, 'C=CCCC')], 1257: [(1, 'C', 1, 'C=C(C)C')], 1308: [(8, 'C', 1, 'CCC')], 1366: [(12, 'C', 0, '')], 1485: [(11, 'C', 1, 'C=CC')], 1564: [(4, 'C', 1, 'CCC')], 1574: [(2, 'C', 2, 'CCC=C(C)C')], 1582: [(1, 'C', 2, 'CC=C(C)C')], 1645: [(12, 'C', 1, 'C=C')], 1714: [(5, 'C', 1, 'C=C(C)C')], 1722: [(9, 'C', 1, 'CC(C)(C)O')], 1908: [(13, 'O', 1, 'CO')], 1999: [(9, 'C', 2, 'C=CC(C)(O)CC')]}"
Bursera delpechiana,1,DOI:10.21010/ajtcam.v14i3.8,1,"{80: [(3, 'C', 0, ''), (4, 'C', 0, '')], 114: [(5, 'C', 0, '')], 392: [(6, 'C', 1, 'CC')], 401: [(3, 'C', 1, 'CCC')], 479: [(2, 'C', 1, 'C=CC')], 694: [(2, 'C', 0, ''), (7, 'C', 0, '')], 807: [(1, 'C', 0, ''), (9, 'O', 0, '')], 906: [(7, 'C', 2, 'C=CC(C)(C)O')], 973: [(4, 'C', 2, 'CCCC(C)(C)O')], 1017: [(0, 'C', 1, 'CC'), (10, 'C', 1, 'CC')], 1057: [(0, 'C', 0, ''), (6, 'C', 0, ''), (10, 'C', 0, '')], 1125: [(3, 'C', 2, 'C=CCCC')], 1257: [(1, 'C', 1, 'C=C(C)C')], 1308: [(4, 'C', 1, 'CCC')], 1366: [(8, 'C', 0, '')], 1485: [(7, 'C', 1, 'C=CC')], 1574: [(2, 'C', 2, 'CCC=C(C)C')], 1582: [(1, 'C', 2, 'CC=C(C)C')], 1645: [(8, 'C', 1, 'C=C')], 1722: [(5, 'C', 1, 'CC(C)(C)O')], 1908: [(9, 'O', 1, 'CO')], 1999: [(5, 'C', 2, 'C=CC(C)(O)CC')]}; {75: [(10, 'C', 2, 'COC(C)=O')], 80: [(3, 'C', 0, ''), (4, 'C', 0, '')], 114: [(5, 'C', 0, '')], 135: [(7, 'C', 2, 'C=CC(C)(C)O')], 193: [(9, 'O', 2, 'CC(=O)OC(C)(C)C')], 231: [(9, 'O', 1, 'COC')], 392: [(6, 'C', 1, 'CC')], 401: [(3, 'C', 1, 'CCC')], 479: [(2, 'C', 1, 'C=CC')], 650: [(11, 'O', 0, '')], 694: [(2, 'C', 0, ''), (7, 'C', 0, '')], 695: [(9, 'O', 0, '')], 807: [(1, 'C', 0, ''), (10, 'C', 0, '')], 1017: [(0, 'C', 1, 'CC'), (12, 'C', 1, 'CC'), (13, 'C', 1, 'CC')], 1035: [(10, 'C', 1, 'CC(=O)O')], 1057: [(0, 'C', 0, ''), (6, 'C', 0, ''), (12, 'C', 0, ''), (13, 'C', 0, '')], 1125: [(3, 'C', 2, 'C=CCCC')], 1180: [(4, 'C', 2, 'CCCC(C)(C)O')], 1257: [(1, 'C', 1, 'C=C(C)C')], 1308: [(4, 'C', 1, 'CCC')], 1366: [(8, 'C', 0, '')], 1485: [(7, 'C', 1, 'C=CC')], 1574: [(2, 'C', 2, 'CCC=C(C)C')], 1582: [(1, 'C', 2, 'CC=C(C)C')], 1645: [(8, 'C', 1, 'C=C')], 1791: [(5, 'C', 2, 'C=CC(C)(CC)OC')], 1917: [(11, 'O', 1, 'C=O')], 1929: [(5, 'C', 1, 'CC(C)(C)O')]}"
Citrus aurantium,0,No Reference,1,"{80: [(3, 'C', 0, ''), (4, 'C', 0, '')], 114: [(5, 'C', 0, '')], 392: [(6, 'C', 1, 'CC')], 401: [(3, 'C', 1, 'CCC')], 479: [(2, 'C', 1, 'C=CC')], 694: [(2, 'C', 0, ''), (7, 'C', 0, '')], 807: [(1, 'C', 0, ''), (9, 'O', 0, '')], 906: [(7, 'C', 2, 'C=CC(C)(C)O')], 973: [(4, 'C', 2, 'CCCC(C)(C)O')], 1017: [(0, 'C', 1, 'CC'), (10, 'C', 1, 'CC')], 1057: [(0, 'C', 0, ''), (6, 'C', 0, ''), (10, 'C', 0, '')], 1125: [(3, 'C', 2, 'C=CCCC')], 1257: [(1, 'C', 1, 'C=C(C)C')], 1308: [(4, 'C', 1, 'CCC')], 1366: [(8, 'C', 0, '')], 1485: [(7, 'C', 1, 'C=CC')], 1574: [(2, 'C', 2, 'CCC=C(C)C')], 1582: [(1, 'C', 2, 'CC=C(C)C')], 1645: [(8, 'C', 1, 'C=C')], 1722: [(5, 'C', 1, 'CC(C)(C)O')], 1908: [(9, 'O', 1, 'CO')], 1999: [(5, 'C', 2, 'C=CC(C)(O)CC')]}; {75: [(10, 'C', 2, 'COC(C)=O')], 80: [(3, 'C', 0, ''), (4, 'C', 0, '')], 114: [(5, 'C', 0, '')], 135: [(7, 'C', 2, 'C=CC(C)(C)O')], 193: [(9, 'O', 2, 'CC(=O)OC(C)(C)C')], 231: [(9, 'O', 1, 'COC')], 392: [(6, 'C', 1, 'CC')], 401: [(3, 'C', 1, 'CCC')], 479: [(2, 'C', 1, 'C=CC')], 650: [(11, 'O', 0, '')], 694: [(2, 'C', 0, ''), (7, 'C', 0, '')], 695: [(9, 'O', 0, '')], 807: [(1, 'C', 0, ''), (10, 'C', 0, '')], 1017: [(0, 'C', 1, 'CC'), (12, 'C', 1, 'CC'), (13, 'C', 1, 'CC')], 1035: [(10, 'C', 1, 'CC(=O)O')], 1057: [(0, 'C', 0, ''), (6, 'C', 0, ''), (12, 'C', 0, ''), (13, 'C', 0, '')], 1125: [(3, 'C', 2, 'C=CCCC')], 1180: [(4, 'C', 2, 'CCCC(C)(C)O')], 1257: [(1, 'C', 1, 'C=C(C)C')], 1308: [(4, 'C', 1, 'CCC')], 1366: [(8, 'C', 0, '')], 1485: [(7, 'C', 1, 'C=CC')], 1574: [(2, 'C', 2, 'CCC=C(C)C')], 1582: [(1, 'C', 2, 'CC=C(C)C')], 1645: [(8, 'C', 1, 'C=C')], 1791: [(5, 'C', 2, 'C=CC(C)(CC)OC')], 1917: [(11, 'O', 1, 'C=O')], 1929: [(5, 'C', 1, 'CC(C)(C)O')]}"
Citrus reticulata,0,DOI:10.3390/molecules26113412,1,"{1: [(1, 'C', 0, '')], 12: [(5, 'C', 2, 'C=C(C)CCC')], 35: [(7, 'C', 1, 'C=C')], 44: [(4, 'C', 2, 'CCCC(C)(C)C')], 150: [(1, 'C', 1, 'CC(C)C')], 181: [(1, 'C', 2, 'CC(C)C(C)(C)C')], 283: [(0, 'C', 1, 'CC'), (2, 'C', 1, 'CC')], 574: [(6, 'C', 1, 'C=C(C)C')], 679: [(9, 'C', 1, 'CCC')], 881: [(3, 'C', 2, 'CCC1(C(C)C)CC1C')], 897: [(9, 'C', 2, 'CC1CC1(C)C')], 926: [(4, 'C', 0, ''), (5, 'C', 0, ''), (9, 'C', 0, '')], 1019: [(8, 'C', 0, '')], 1057: [(0, 'C', 0, ''), (2, 'C', 0, '')], 1060: [(3, 'C', 0, '')], 1162: [(4, 'C', 1, 'CCC')], 1228: [(3, 'C', 1, 'CC(C)(C)C')], 1318: [(8, 'C', 2, 'C=C(C)C1CC1(C)C')], 1366: [(7, 'C', 0, '')], 1380: [(6, 'C', 0, '')], 1509: [(6, 'C', 2, 'C=C(CC)C(C)C')], 1738: [(5, 'C', 1, 'CCC')], 1950: [(8, 'C', 1, 'CC(C)C')]}; {80: [(3, 'C', 0, ''), (4, 'C', 0, '')], 114: [(5, 'C', 0, '')], 392: [(6, 'C', 1, 'CC')], 401: [(3, 'C', 1, 'CCC')], 479: [(2, 'C', 1, 'C=CC')], 694: [(2, 'C', 0, ''), (7, 'C', 0, '')], 807: [(1, 'C', 0, ''), (9, 'O', 0, '')], 906: [(7, 'C', 2, 'C=CC(C)(C)O')], 973: [(4, 'C', 2, 'CCCC(C)(C)O')], 1017: [(0, 'C', 1, 'CC'), (10, 'C', 1, 'CC')], 1057: [(0, 'C', 0, ''), (6, 'C', 0, ''), (10, 'C', 0, '')], 1125: [(3, 'C', 2, 'C=CCCC')], 1257: [(1, 'C', 1, 'C=C(C)C')], 1308: [(4, 'C', 1, 'CCC')], 1366: [(8, 'C', 0, '')], 1485: [(7, 'C', 1, 'C=CC')], 1574: [(2, 'C', 2, 'CCC=C(C)C')], 1582: [(1, 'C', 2, 'CC=C(C)C')], 1645: [(8, 'C', 1, 'C=C')], 1722: [(5, 'C', 1, 'CC(C)(C)O')], 1908: [(9, 'O', 1, 'CO')], 1999: [(5, 'C', 2, 'C=CC(C)(O)CC')]}"
Daucus carota,0,DOI:10.1155/2016/9045196,1,"{80: [(3, 'C', 0, ''), (4, 'C', 0, '')], 114: [(5, 'C', 0, '')], 392: [(6, 'C', 1, 'CC')], 401: [(3, 'C', 1, 'CCC')], 479: [(2, 'C', 1, 'C=CC')], 694: [(2, 'C', 0, ''), (7, 'C', 0, '')], 807: [(1, 'C', 0, ''), (9, 'O', 0, '')], 906: [(7, 'C', 2, 'C=CC(C)(C)O')], 973: [(4, 'C', 2, 'CCCC(C)(C)O')], 1017: [(0, 'C', 1, 'CC'), (10, 'C', 1, 'CC')], 1057: [(0, 'C', 0, ''), (6, 'C', 0, ''), (10, 'C', 0, '')], 1125: [(3, 'C', 2, 'C=CCCC')], 1257: [(1, 'C', 1, 'C=C(C)C')], 1308: [(4, 'C', 1, 'CCC')], 1366: [(8, 'C', 0, '')], 1485: [(7, 'C', 1, 'C=CC')], 1574: [(2, 'C', 2, 'CCC=C(C)C')], 1582: [(1, 'C', 2, 'CC=C(C)C')], 1645: [(8, 'C', 1, 'C=C')], 1722: [(5, 'C', 1, 'CC(C)(C)O')], 1908: [(9, 'O', 1, 'CO')], 1999: [(5, 'C', 2, 'C=CC(C)(O)CC')]}; {1: [(12, 'C', 0, '')], 8: [(7, 'C', 1, 'CC(C)C')], 61: [(3, 'C', 1, 'CCC')], 208: [(6, 'C', 2, 'CCCC(C)C')], 253: [(12, 'C', 1, 'CC(C)C')], 259: [(5, 'C', 2, 'CCCC(C)(C)C')], 283: [(13, 'C', 1, 'CC'), (14, 'C', 1, 'CC')], 447: [(4, 'C', 1, 'CC(C)(C)C')], 682: [(8, 'C', 1, 'CC(C)(C)O')], 807: [(11, 'O', 0, '')], 869: [(7, 'C', 2, 'CCC(C(C)C)C(C)(C)O')], 872: [(1, 'C', 2, 'CC=C(C)CC')], 926: [(3, 'C', 0, ''), (5, 'C', 0, ''), (6, 'C', 0, ''), (9, 'C', 0, ''), (10, 'C', 0, '')], 1019: [(7, 'C', 0, '')], 1034: [(4, 'C', 2, 'CCC(C)(CC)C(C)(C)O')], 1057: [(0, 'C', 0, ''), (13, 'C', 0, ''), (14, 'C', 0, ''), (15, 'C', 0, '')], 1060: [(4, 'C', 0, ''), (8, 'C', 0, '')], 1154: [(11, 'O', 1, 'CO')], 1162: [(5, 'C', 1, 'CCC'), (9, 'C', 1, 'CCC')], 1274: [(15, 'C', 1, 'CC')], 1291: [(9, 'C', 2, 'CCCC(C)(C)O')], 1325: [(6, 'C', 1, 'CCC')], 1380: [(1, 'C', 0, '')], 1476: [(12, 'C', 2, 'CC(C)C(C)C')], 1601: [(3, 'C', 2, 'C=CCC(C)(C)C')], 1722: [(0, 'C', 1, 'CC')], 1738: [(10, 'C', 1, 'CCC')], 1781: [(2, 'C', 1, 'C=CC')], 1816: [(8, 'C', 2, 'CCC(O)(C(C)C)C(C)(C)C')], 1873: [(2, 'C', 0, '')], 1900: [(2, 'C', 2, 'CCC=C(C)C')], 1960: [(10, 'C', 2, 'C=C(C)CCC')], 1979: [(1, 'C', 1, 'C=C(C)C')]}"
Fissitigma shangtzeense,0,No Reference,1,"{67: [(2, 'C', 2, 'CCC=C(C)C')], 114: [(7, 'C', 0, '')], 392: [(8, 'C', 1, 'CC'), (9, 'C', 1, 'CC')], 417: [(3, 'C', 2, 'C=CCC(C)C')], 598: [(3, 'C', 1, 'CCC')], 807: [(10, 'O', 0, '')], 835: [(6, 'C', 2, 'C=C(C)CCC')], 872: [(1, 'C', 2, 'CC=C(C)CC')], 926: [(3, 'C', 0, ''), (5, 'C', 0, ''), (6, 'C', 0, '')], 1019: [(4, 'C', 0, '')], 1057: [(0, 'C', 0, ''), (8, 'C', 0, ''), (9, 'C', 0, '')], 1096: [(4, 'C', 1, 'CC(C)C')], 1325: [(5, 'C', 1, 'CCC')], 1380: [(1, 'C', 0, '')], 1388: [(7, 'C', 2, 'CC(C)C(C)(C)O')], 1518: [(4, 'C', 2, 'CCC(CC)C(C)(C)O')], 1604: [(7, 'C', 1, 'CC(C)(C)O')], 1650: [(5, 'C', 2, 'CCCC(C)C')], 1722: [(0, 'C', 1, 'CC')], 1738: [(6, 'C', 1, 'CCC')], 1781: [(2, 'C', 1, 'C=CC')], 1873: [(2, 'C', 0, '')], 1908: [(10, 'O', 1, 'CO')], 1979: [(1, 'C', 1, 'C=C(C)C')]}; {80: [(3, 'C', 0, ''), (4, 'C', 0, '')], 114: [(5, 'C', 0, '')], 392: [(6, 'C', 1, 'CC')], 401: [(3, 'C', 1, 'CCC')], 479: [(2, 'C', 1, 'C=CC')], 694: [(2, 'C', 0, ''), (7, 'C', 0, '')], 807: [(1, 'C', 0, ''), (9, 'O', 0, '')], 906: [(7, 'C', 2, 'C=CC(C)(C)O')], 973: [(4, 'C', 2, 'CCCC(C)(C)O')], 1017: [(0, 'C', 1, 'CC'), (10, 'C', 1, 'CC')], 1057: [(0, 'C', 0, ''), (6, 'C', 0, ''), (10, 'C', 0, '')], 1125: [(3, 'C', 2, 'C=CCCC')], 1257: [(1, 'C', 1, 'C=C(C)C')], 1308: [(4, 'C', 1, 'CCC')], 1366: [(8, 'C', 0, '')], 1485: [(7, 'C', 1, 'C=CC')], 1574: [(2, 'C', 2, 'CCC=C(C)C')], 1582: [(1, 'C', 2, 'CC=C(C)C')], 1645: [(8, 'C', 1, 'C=C')], 1722: [(5, 'C', 1, 'CC(C)(C)O')], 1908: [(9, 'O', 1, 'CO')], 1999: [(5, 'C', 2, 'C=CC(C)(O)CC')]}"
Homalomena aromatica,0,No Reference,1,"{80: [(3, 'C', 0, ''), (4, 'C', 0, '')], 114: [(5, 'C', 0, '')], 392: [(6, 'C', 1, 'CC')], 401: [(3, 'C', 1, 'CCC')], 479: [(2, 'C', 1, 'C=CC')], 694: [(2, 'C', 0, ''), (7, 'C', 0, '')], 807: [(1, 'C', 0, ''), (9, 'O', 0, '')], 906: [(7, 'C', 2, 'C=CC(C)(C)O')], 973: [(4, 'C', 2, 'CCCC(C)(C)O')], 1017: [(0, 'C', 1, 'CC'), (10, 'C', 1, 'CC')], 1057: [(0, 'C', 0, ''), (6, 'C', 0, ''), (10, 'C', 0, '')], 1125: [(3, 'C', 2, 'C=CCCC')], 1257: [(1, 'C', 1, 'C=C(C)C')], 1308: [(4, 'C', 1, 'CCC')], 1366: [(8, 'C', 0, '')], 1485: [(7, 'C', 1, 'C=CC')], 1574: [(2, 'C', 2, 'CCC=C(C)C')], 1582: [(1, 'C', 2, 'CC=C(C)C')], 1645: [(8, 'C', 1, 'C=C')], 1722: [(5, 'C', 1, 'CC(C)(C)O')], 1908: [(9, 'O', 1, 'CO')], 1999: [(5, 'C', 2, 'C=CC(C)(O)CC')]}; {1: [(7, 'C', 0, '')], 61: [(3, 'C', 1, 'CCC')], 150: [(7, 'C', 1, 'CC(C)C')], 283: [(8, 'C', 1, 'CC'), (9, 'C', 1, 'CC')], 499: [(3, 'C', 2, 'C=CCC(C)(C)O')], 807: [(10, 'O', 0, '')], 872: [(1, 'C', 2, 'CC=C(C)CC')], 926: [(3, 'C', 0, ''), (5, 'C', 0, ''), (6, 'C', 0, '')], 1057: [(0, 'C', 0, ''), (8, 'C', 0, ''), (9, 'C', 0, '')], 1060: [(4, 'C', 0, '')], 1154: [(10, 'O', 1, 'CO')], 1162: [(5, 'C', 1, 'CCC')], 1164: [(7, 'C', 2, 'CC(C)C(C)(C)O')], 1324: [(4, 'C', 1, 'CC(C)(C)O')], 1380: [(1, 'C', 0, '')], 1677: [(5, 'C', 2, 'CCCC(C)(C)O')], 1689: [(4, 'C', 2, 'CCC(O)(CC)C(C)C')], 1722: [(0, 'C', 1, 'CC')], 1738: [(6, 'C', 1, 'CCC')], 1781: [(2, 'C', 1, 'C=CC')], 1873: [(2, 'C', 0, '')], 1900: [(2, 'C', 2, 'CCC=C(C)C')], 1960: [(6, 'C', 2, 'C=C(C)CCC')], 1979: [(1, 'C', 1, 'C=C(C)C')]}"
Jasminum azoricum,1,DOI:10.3390/plants10061089,1,"{44: [(11, 'C', 2, 'C=CCO')], 80: [(3, 'C', 0, ''), (4, 'C', 0, ''), (7, 'C', 0, ''), (8, 'C', 0, ''), (11, 'C', 0, '')], 101: [(8, 'C', 2, 'C=C(C)CCC'), (4, 'C', 2, 'C=C(C)CCC')], 222: [(12, 'O', 1, 'CO')], 237: [(6, 'C', 2, 'CCC=C(C)C')], 357: [(3, 'C', 2, 'C=CCCC'), (7, 'C', 2, 'C=CCCC')], 385: [(9, 'C', 2, 'CC=C(C)CC'), (5, 'C', 2, 'CC=C(C)CC')], 401: [(3, 'C', 1, 'CCC'), (7, 'C', 1, 'CCC')], 479: [(2, 'C', 1, 'C=CC'), (6, 'C', 1, 'C=CC'), (10, 'C', 1, 'C=CC')], 694: [(2, 'C', 0, ''), (6, 'C', 0, ''), (10, 'C', 0, '')], 807: [(1, 'C', 0, ''), (5, 'C', 0, ''), (9, 'C', 0, ''), (12, 'O', 0, '')], 1017: [(0, 'C', 1, 'CC'), (13, 'C', 1, 'CC'), (14, 'C', 1, 'CC'), (15, 'C', 1, 'CC')], 1057: [(0, 'C', 0, ''), (13, 'C', 0, ''), (14, 'C', 0, ''), (15, 'C', 0, '')], 1257: [(1, 'C', 1, 'C=C(C)C')], 1325: [(10, 'C', 2, 'CC(C)=CCO')], 1564: [(4, 'C', 1, 'CCC'), (8, 'C', 1, 'CCC')], 1574: [(2, 'C', 2, 'CCC=C(C)C')], 1582: [(1, 'C', 2, 'CC=C(C)C')], 1599: [(11, 'C', 1, 'CCO')], 1714: [(9, 'C', 1, 'C=C(C)C'), (5, 'C', 1, 'C=C(C)C')]}; {80: [(3, 'C', 0, ''), (4, 'C', 0, ''), (7, 'C', 0, ''), (8, 'C', 0, ''), (11, 'C', 0, ''), (12, 'C', 0, '')], 101: [(8, 'C', 2, 'C=C(C)CCC'), (4, 'C', 2, 'C=C(C)CCC')], 114: [(13, 'C', 0, '')], 237: [(10, 'C', 2, 'CCC=C(C)C'), (6, 'C', 2, 'CCC=C(C)C')], 357: [(3, 'C', 2, 'C=CCCC'), (7, 'C', 2, 'C=CCCC')], 385: [(9, 'C', 2, 'CC=C(C)CC'), (5, 'C', 2, 'CC=C(C)CC')], 392: [(14, 'C', 1, 'CC')], 401: [(3, 'C', 1, 'CCC'), (7, 'C', 1, 'CCC'), (11, 'C', 1, 'CCC')], 479: [(2, 'C', 1, 'C=CC'), (6, 'C', 1, 'C=CC'), (10, 'C', 1, 'C=CC')], 694: [(2, 'C', 0, ''), (6, 'C', 0, ''), (10, 'C', 0, ''), (15, 'C', 0, '')], 807: [(1, 'C', 0, ''), (5, 'C', 0, ''), (9, 'C', 0, ''), (17, 'O', 0, '')], 906: [(15, 'C', 2, 'C=CC(C)(C)O')], 973: [(12, 'C', 2, 'CCCC(C)(C)O')], 1017: [(0, 'C', 1, 'CC'), (18, 'C', 1, 'CC'), (19, 'C', 1, 'CC'), (20, 'C', 1, 'CC')], 1057: [(0, 'C', 0, ''), (14, 'C', 0, ''), (18, 'C', 0, ''), (19, 'C', 0, ''), (20, 'C', 0, '')], 1125: [(11, 'C', 2, 'C=CCCC')], 1257: [(1, 'C', 1, 'C=C(C)C')], 1308: [(12, 'C', 1, 'CCC')], 1366: [(16, 'C', 0, '')], 1485: [(15, 'C', 1, 'C=CC')], 1564: [(4, 'C', 1, 'CCC'), (8, 'C', 1, 'CCC')], 1574: [(2, 'C', 2, 'CCC=C(C)C')], 1582: [(1, 'C', 2, 'CC=C(C)C')], 1645: [(16, 'C', 1, 'C=C')], 1714: [(9, 'C', 1, 'C=C(C)C'), (5, 'C', 1, 'C=C(C)C')], 1722: [(13, 'C', 1, 'CC(C)(C)O')], 1908: [(17, 'O', 1, 'CO')], 1999: [(13, 'C', 2, 'C=CC(C)(O)CC')]}"
Jasminum sambac,0,DOI:DOI:10.3390/coatings12101492,1,"{80: [(3, 'C', 0, ''), (4, 'C', 0, '')], 114: [(5, 'C', 0, '')], 392: [(6, 'C', 1, 'CC')], 401: [(3, 'C', 1, 'CCC')], 479: [(2, 'C', 1, 'C=CC')], 694: [(2, 'C', 0, ''), (7, 'C', 0, '')], 807: [(1, 'C', 0, ''), (9, 'O', 0, '')], 906: [(7, 'C', 2, 'C=CC(C)(C)O')], 973: [(4, 'C', 2, 'CCCC(C)(C)O')], 1017: [(0, 'C', 1, 'CC'), (10, 'C', 1, 'CC')], 1057: [(0, 'C', 0, ''), (6, 'C', 0, ''), (10, 'C', 0, '')], 1125: [(3, 'C', 2, 'C=CCCC')], 1257: [(1, 'C', 1, 'C=C(C)C')], 1308: [(4, 'C', 1, 'CCC')], 1366: [(8, 'C', 0, '')], 1485: [(7, 'C', 1, 'C=CC')], 1574: [(2, 'C', 2, 'CCC=C(C)C')], 1582: [(1, 'C', 2, 'CC=C(C)C')], 1645: [(8, 'C', 1, 'C=C')], 1722: [(5, 'C', 1, 'CC(C)(C)O')], 1908: [(9, 'O', 1, 'CO')], 1999: [(5, 'C', 2, 'C=CC(C)(O)CC')]}; {13: [(5, 'C', 1, 'CCO')], 80: [(1, 'C', 0, ''), (4, 'C', 0, ''), (5, 'C', 0, '')], 145: [(7, 'C', 1, 'cC(=O)O')], 147: [(6, 'O', 1, 'COC')], 294: [(0, 'C', 1, 'CC')], 389: [(12, 'C', 2, 'ccccc')], 401: [(4, 'C', 1, 'CCC')], 556: [(5, 'C', 2, 'CCCOC')], 606: [(9, 'C', 2, 'ccc(cc)C(=O)O')], 650: [(8, 'O', 0, '')], 694: [(2, 'C', 0, ''), (3, 'C', 0, '')], 695: [(6, 'O', 0, '')], 701: [(4, 'C', 2, 'C=CCCO')], 749: [(2, 'C', 2, 'CC=CCC')], 807: [(7, 'C', 0, '')], 1057: [(0, 'C', 0, '')], 1088: [(11, 'C', 1, 'ccc'), (12, 'C', 1, 'ccc'), (13, 'C', 1, 'ccc')], 1134: [(1, 'C', 2, 'C=CCC')], 1199: [(11, 'C', 2, 'ccccc'), (13, 'C', 2, 'ccccc')], 1356: [(2, 'C', 1, 'C=CC'), (3, 'C', 1, 'C=CC')], 1380: [(9, 'C', 0, '')], 1385: [(9, 'C', 1, 'cc(c)C')], 1454: [(1, 'C', 1, 'CCC')], 1522: [(7, 'C', 2, 'cc(c)C(=O)OC')], 1592: [(6, 'O', 2, 'CCOC(c)=O')], 1750: [(10, 'C', 1, 'ccc'), (14, 'C', 1, 'ccc')], 1755: [(3, 'C', 2, 'CC=CCC')], 1873: [(10, 'C', 0, ''), (11, 'C', 0, ''), (12, 'C', 0, ''), (13, 'C', 0, ''), (14, 'C', 0, '')], 1917: [(8, 'O', 1, 'C=O')], 1985: [(10, 'C', 2, 'cccc(c)C'), (14, 'C', 2, 'cccc(c)C')]}; {80: [(3, 'C', 0, ''), (4, 'C', 0, ''), (7, 'C', 0, '')], 101: [(4, 'C', 2, 'C=C(C)CCC')], 357: [(3, 'C', 2, 'C=CCCC')], 385: [(5, 'C', 2, 'CC=C(C)CC')], 401: [(3, 'C', 1, 'CCC')], 479: [(2, 'C', 1, 'C=CC'), (6, 'C', 1, 'C=CC'), (8, 'C', 1, 'C=CC')], 694: [(2, 'C', 0, ''), (6, 'C', 0, ''), (8, 'C', 0, ''), (11, 'C', 0, '')], 807: [(1, 'C', 0, ''), (5, 'C', 0, ''), (9, 'C', 0, '')], 959: [(11, 'C', 1, 'C=CC')], 1017: [(0, 'C', 1, 'CC'), (10, 'C', 1, 'CC'), (13, 'C', 1, 'CC'), (14, 'C', 1, 'CC')], 1028: [(7, 'C', 2, 'C=CCC=C')], 1057: [(0, 'C', 0, ''), (10, 'C', 0, ''), (13, 'C', 0, ''), (14, 'C', 0, '')], 1129: [(8, 'C', 2, 'CCC=C(C)C')], 1149: [(6, 'C', 2, 'CCC=C(C)C')], 1257: [(1, 'C', 1, 'C=C(C)C')], 1329: [(9, 'C', 2, 'C=CC(C)=CC')], 1366: [(12, 'C', 0, '')], 1564: [(4, 'C', 1, 'CCC')], 1574: [(2, 'C', 2, 'CCC=C(C)C')], 1582: [(1, 'C', 2, 'CC=C(C)C')], 1645: [(12, 'C', 1, 'C=C')], 1714: [(5, 'C', 1, 'C=C(C)C')], 1742: [(9, 'C', 1, 'C=C(C)C')], 1860: [(11, 'C', 2, 'C=CC(=C)C')], 1873: [(7, 'C', 1, 'CCC')]}"
Lavandula angustifolia,1,DOI:10.3390/coatings12101492,1,"{80: [(3, 'C', 0, ''), (4, 'C', 0, '')], 114: [(5, 'C', 0, '')], 392: [(6, 'C', 1, 'CC')], 401: [(3, 'C', 1, 'CCC')], 479: [(2, 'C', 1, 'C=CC')], 694: [(2, 'C', 0, ''), (7, 'C', 0, '')], 807: [(1, 'C', 0, ''), (9, 'O', 0, '')], 906: [(7, 'C', 2, 'C=CC(C)(C)O')], 973: [(4, 'C', 2, 'CCCC(C)(C)O')], 1017: [(0, 'C', 1, 'CC'), (10, 'C', 1, 'CC')], 1057: [(0, 'C', 0, ''), (6, 'C', 0, ''), (10, 'C', 0, '')], 1125: [(3, 'C', 2, 'C=CCCC')], 1257: [(1, 'C', 1, 'C=C(C)C')], 1308: [(4, 'C', 1, 'CCC')], 1366: [(8, 'C', 0, '')], 1485: [(7, 'C', 1, 'C=CC')], 1574: [(2, 'C', 2, 'CCC=C(C)C')], 1582: [(1, 'C', 2, 'CC=C(C)C')], 1645: [(8, 'C', 1, 'C=C')], 1722: [(5, 'C', 1, 'CC(C)(C)O')], 1908: [(9, 'O', 1, 'CO')], 1999: [(5, 'C', 2, 'C=CC(C)(O)CC')]}; {75: [(10, 'C', 2, 'COC(C)=O')], 80: [(3, 'C', 0, ''), (4, 'C', 0, '')], 114: [(5, 'C', 0, '')], 135: [(7, 'C', 2, 'C=CC(C)(C)O')], 193: [(9, 'O', 2, 'CC(=O)OC(C)(C)C')], 231: [(9, 'O', 1, 'COC')], 392: [(6, 'C', 1, 'CC')], 401: [(3, 'C', 1, 'CCC')], 479: [(2, 'C', 1, 'C=CC')], 650: [(11, 'O', 0, '')], 694: [(2, 'C', 0, ''), (7, 'C', 0, '')], 695: [(9, 'O', 0, '')], 807: [(1, 'C', 0, ''), (10, 'C', 0, '')], 1017: [(0, 'C', 1, 'CC'), (12, 'C', 1, 'CC'), (13, 'C', 1, 'CC')], 1035: [(10, 'C', 1, 'CC(=O)O')], 1057: [(0, 'C', 0, ''), (6, 'C', 0, ''), (12, 'C', 0, ''), (13, 'C', 0, '')], 1125: [(3, 'C', 2, 'C=CCCC')], 1180: [(4, 'C', 2, 'CCCC(C)(C)O')], 1257: [(1, 'C', 1, 'C=C(C)C')], 1308: [(4, 'C', 1, 'CCC')], 1366: [(8, 'C', 0, '')], 1485: [(7, 'C', 1, 'C=CC')], 1574: [(2, 'C', 2, 'CCC=C(C)C')], 1582: [(1, 'C', 2, 'CC=C(C)C')], 1645: [(8, 'C', 1, 'C=C')], 1791: [(5, 'C', 2, 'C=CC(C)(CC)OC')], 1917: [(11, 'O', 1, 'C=O')], 1929: [(5, 'C', 1, 'CC(C)(C)O')]}"
Lavandula latifolia,0,No Reference,1,"{80: [(3, 'C', 0, ''), (4, 'C', 0, '')], 114: [(5, 'C', 0, '')], 392: [(6, 'C', 1, 'CC')], 401: [(3, 'C', 1, 'CCC')], 479: [(2, 'C', 1, 'C=CC')], 694: [(2, 'C', 0, ''), (7, 'C', 0, '')], 807: [(1, 'C', 0, ''), (9, 'O', 0, '')], 906: [(7, 'C', 2, 'C=CC(C)(C)O')], 973: [(4, 'C', 2, 'CCCC(C)(C)O')], 1017: [(0, 'C', 1, 'CC'), (10, 'C', 1, 'CC')], 1057: [(0, 'C', 0, ''), (6, 'C', 0, ''), (10, 'C', 0, '')], 1125: [(3, 'C', 2, 'C=CCCC')], 1257: [(1, 'C', 1, 'C=C(C)C')], 1308: [(4, 'C', 1, 'CCC')], 1366: [(8, 'C', 0, '')], 1485: [(7, 'C', 1, 'C=CC')], 1574: [(2, 'C', 2, 'CCC=C(C)C')], 1582: [(1, 'C', 2, 'CC=C(C)C')], 1645: [(8, 'C', 1, 'C=C')], 1722: [(5, 'C', 1, 'CC(C)(C)O')], 1908: [(9, 'O', 1, 'CO')], 1999: [(5, 'C', 2, 'C=CC(C)(O)CC')]}; {19: [(1, 'C', 2, 'COC(C)(C)C(C)C')], 198: [(5, 'C', 2, 'CCC(C)(CC)OC')], 391: [(2, 'C', 2, 'CCC(CC)C(C)(C)O')], 528: [(2, 'C', 1, 'CC(C)C')], 656: [(6, 'O', 0, '')], 675: [(5, 'C', 1, 'CC(C)(C)O')], 926: [(3, 'C', 0, ''), (4, 'C', 0, ''), (7, 'C', 0, ''), (8, 'C', 0, '')], 1019: [(2, 'C', 0, '')], 1057: [(0, 'C', 0, ''), (9, 'C', 0, ''), (10, 'C', 0, '')], 1060: [(1, 'C', 0, ''), (5, 'C', 0, '')], 1162: [(4, 'C', 1, 'CCC'), (7, 'C', 1, 'CCC')], 1258: [(3, 'C', 2, 'CCCC(C)C'), (8, 'C', 2, 'CCCC(C)C')], 1274: [(0, 'C', 1, 'CC'), (9, 'C', 1, 'CC'), (10, 'C', 1, 'CC')], 1325: [(3, 'C', 1, 'CCC'), (8, 'C', 1, 'CCC')], 1424: [(1, 'C', 1, 'CC(C)(C)O')], 1516: [(6, 'O', 2, 'CC(C)(C)OC(C)(C)C')], 1714: [(4, 'C', 2, 'CCCC(C)(C)O'), (7, 'C', 2, 'CCCC(C)(C)O')], 1730: [(6, 'O', 1, 'COC')]}; {180: [(4, 'C', 2, 'CCCC(C)(C)C')], 231: [(8, 'C', 1, 'CCC')], 314: [(7, 'O', 1, 'C=O')], 418: [(5, 'C', 1, 'CC(C)(C)C')], 484: [(2, 'C', 2, 'CCC(CC)C(C)(C)C')], 528: [(2, 'C', 1, 'CC(C)C')], 584: [(5, 'C', 2, 'CCC(C)(C(C)=O)C(C)(C)C')], 650: [(7, 'O', 0, '')], 764: [(1, 'C', 1, 'CC(C)(C)C')], 926: [(3, 'C', 0, ''), (4, 'C', 0, ''), (8, 'C', 0, '')], 1019: [(2, 'C', 0, '')], 1057: [(0, 'C', 0, ''), (9, 'C', 0, ''), (10, 'C', 0, '')], 1060: [(1, 'C', 0, ''), (5, 'C', 0, '')], 1069: [(8, 'C', 2, 'CC(=O)CC(C)C')], 1162: [(4, 'C', 1, 'CCC')], 1258: [(3, 'C', 2, 'CCCC(C)C')], 1274: [(0, 'C', 1, 'CC'), (9, 'C', 1, 'CC'), (10, 'C', 1, 'CC')], 1325: [(3, 'C', 1, 'CCC')], 1380: [(6, 'C', 0, '')], 1728: [(6, 'C', 2, 'CCC(=O)C(C)(C)C')], 1855: [(6, 'C', 1, 'CC(C)=O')], 1989: [(1, 'C', 2, 'CC(C)C(C)(C)C(C)(C)C')]}"
Lavandula x hybrida,0,No Reference,1,"{80: [(3, 'C', 0, ''), (4, 'C', 0, '')], 114: [(5, 'C', 0, '')], 392: [(6, 'C', 1, 'CC')], 401: [(3, 'C', 1, 'CCC')], 479: [(2, 'C', 1, 'C=CC')], 694: [(2, 'C', 0, ''), (7, 'C', 0, '')], 807: [(1, 'C', 0, ''), (9, 'O', 0, '')], 906: [(7, 'C', 2, 'C=CC(C)(C)O')], 973: [(4, 'C', 2, 'CCCC(C)(C)O')], 1017: [(0, 'C', 1, 'CC'), (10, 'C', 1, 'CC')], 1057: [(0, 'C', 0, ''), (6, 'C', 0, ''), (10, 'C', 0, '')], 1125: [(3, 'C', 2, 'C=CCCC')], 1257: [(1, 'C', 1, 'C=C(C)C')], 1308: [(4, 'C', 1, 'CCC')], 1366: [(8, 'C', 0, '')], 1485: [(7, 'C', 1, 'C=CC')], 1574: [(2, 'C', 2, 'CCC=C(C)C')], 1582: [(1, 'C', 2, 'CC=C(C)C')], 1645: [(8, 'C', 1, 'C=C')], 1722: [(5, 'C', 1, 'CC(C)(C)O')], 1908: [(9, 'O', 1, 'CO')], 1999: [(5, 'C', 2, 'C=CC(C)(O)CC')]}; {75: [(10, 'C', 2, 'COC(C)=O')], 80: [(3, 'C', 0, ''), (4, 'C', 0, '')], 114: [(5, 'C', 0, '')], 135: [(7, 'C', 2, 'C=CC(C)(C)O')], 193: [(9, 'O', 2, 'CC(=O)OC(C)(C)C')], 231: [(9, 'O', 1, 'COC')], 392: [(6, 'C', 1, 'CC')], 401: [(3, 'C', 1, 'CCC')], 479: [(2, 'C', 1, 'C=CC')], 650: [(11, 'O', 0, '')], 694: [(2, 'C', 0, ''), (7, 'C', 0, '')], 695: [(9, 'O', 0, '')], 807: [(1, 'C', 0, ''), (10, 'C', 0, '')], 1017: [(0, 'C', 1, 'CC'), (12, 'C', 1, 'CC'), (13, 'C', 1, 'CC')], 1035: [(10, 'C', 1, 'CC(=O)O')], 1057: [(0, 'C', 0, ''), (6, 'C', 0, ''), (12, 'C', 0, ''), (13, 'C', 0, '')], 1125: [(3, 'C', 2, 'C=CCCC')], 1180: [(4, 'C', 2, 'CCCC(C)(C)O')], 1257: [(1, 'C', 1, 'C=C(C)C')], 1308: [(4, 'C', 1, 'CCC')], 1366: [(8, 'C', 0, '')], 1485: [(7, 'C', 1, 'C=CC')], 1574: [(2, 'C', 2, 'CCC=C(C)C')], 1582: [(1, 'C', 2, 'CC=C(C)C')], 1645: [(8, 'C', 1, 'C=C')], 1791: [(5, 'C', 2, 'C=CC(C)(CC)OC')], 1917: [(11, 'O', 1, 'C=O')], 1929: [(5, 'C', 1, 'CC(C)(C)O')]}"
Lawsonia inermis,1,DOI:10.1080/14786419.2019.1569006,1,"{80: [(3, 'C', 0, ''), (4, 'C', 0, '')], 114: [(5, 'C', 0, '')], 392: [(6, 'C', 1, 'CC')], 401: [(3, 'C', 1, 'CCC')], 479: [(2, 'C', 1, 'C=CC')], 694: [(2, 'C', 0, ''), (7, 'C', 0, '')], 807: [(1, 'C', 0, ''), (9, 'O', 0, '')], 906: [(7, 'C', 2, 'C=CC(C)(C)O')], 973: [(4, 'C', 2, 'CCCC(C)(C)O')], 1017: [(0, 'C', 1, 'CC'), (10, 'C', 1, 'CC')], 1057: [(0, 'C', 0, ''), (6, 'C', 0, ''), (10, 'C', 0, '')], 1125: [(3, 'C', 2, 'C=CCCC')], 1257: [(1, 'C', 1, 'C=C(C)C')], 1308: [(4, 'C', 1, 'CCC')], 1366: [(8, 'C', 0, '')], 1485: [(7, 'C', 1, 'C=CC')], 1574: [(2, 'C', 2, 'CCC=C(C)C')], 1582: [(1, 'C', 2, 'CC=C(C)C')], 1645: [(8, 'C', 1, 'C=C')], 1722: [(5, 'C', 1, 'CC(C)(C)O')], 1908: [(9, 'O', 1, 'CO')], 1999: [(5, 'C', 2, 'C=CC(C)(O)CC')]}; {31: [(10, 'C', 1, 'C=CC')], 259: [(2, 'C', 1, 'C=C(C)C')], 444: [(5, 'C', 2, 'CCCCC')], 618: [(9, 'C', 2, 'C=C(C)C=CC')], 650: [(12, 'O', 0, '')], 694: [(9, 'C', 0, ''), (10, 'C', 0, '')], 807: [(11, 'C', 0, '')], 823: [(11, 'C', 2, 'C=CC(C)=O')], 835: [(9, 'C', 1, 'C=CC')], 926: [(4, 'C', 0, ''), (5, 'C', 0, ''), (6, 'C', 0, '')], 953: [(3, 'C', 1, 'CC(C)(C)C')], 1017: [(13, 'C', 1, 'CC')], 1028: [(5, 'C', 1, 'CCC')], 1057: [(0, 'C', 0, ''), (7, 'C', 0, ''), (8, 'C', 0, ''), (13, 'C', 0, '')], 1060: [(3, 'C', 0, '')], 1123: [(10, 'C', 2, 'CC=CC(C)=O')], 1162: [(4, 'C', 1, 'CCC')], 1274: [(7, 'C', 1, 'CC'), (8, 'C', 1, 'CC')], 1349: [(4, 'C', 2, 'CCCC(C)(C)C')], 1380: [(1, 'C', 0, ''), (2, 'C', 0, '')], 1524: [(3, 'C', 2, 'C=C(C)C(C)(C)CC')], 1576: [(1, 'C', 1, 'C=C(C)C')], 1650: [(11, 'C', 1, 'CC(C)=O')], 1666: [(1, 'C', 2, 'CCC(C)=C(C)C')], 1722: [(0, 'C', 1, 'CC')], 1738: [(6, 'C', 1, 'CCC')], 1827: [(2, 'C', 2, 'C=CC(=C(C)C)C(C)(C)C')], 1917: [(12, 'O', 1, 'C=O')], 1956: [(6, 'C', 2, 'C=C(C)CCC')]}"
Lithraea ternifolia,0,No Reference,1,"{67: [(2, 'C', 2, 'CCC=C(C)C')], 114: [(7, 'C', 0, '')], 392: [(8, 'C', 1, 'CC'), (9, 'C', 1, 'CC')], 417: [(3, 'C', 2, 'C=CCC(C)C')], 598: [(3, 'C', 1, 'CCC')], 807: [(10, 'O', 0, '')], 835: [(6, 'C', 2, 'C=C(C)CCC')], 872: [(1, 'C', 2, 'CC=C(C)CC')], 926: [(3, 'C', 0, ''), (5, 'C', 0, ''), (6, 'C', 0, '')], 1019: [(4, 'C', 0, '')], 1057: [(0, 'C', 0, ''), (8, 'C', 0, ''), (9, 'C', 0, '')], 1096: [(4, 'C', 1, 'CC(C)C')], 1325: [(5, 'C', 1, 'CCC')], 1380: [(1, 'C', 0, '')], 1388: [(7, 'C', 2, 'CC(C)C(C)(C)O')], 1518: [(4, 'C', 2, 'CCC(CC)C(C)(C)O')], 1604: [(7, 'C', 1, 'CC(C)(C)O')], 1650: [(5, 'C', 2, 'CCCC(C)C')], 1722: [(0, 'C', 1, 'CC')], 1738: [(6, 'C', 1, 'CCC')], 1781: [(2, 'C', 1, 'C=CC')], 1873: [(2, 'C', 0, '')], 1908: [(10, 'O', 1, 'CO')], 1979: [(1, 'C', 1, 'C=C(C)C')]}; {89: [(8, 'C', 1, 'C=C(C)C')], 231: [(5, 'C', 1, 'CCC')], 314: [(7, 'O', 1, 'C=O')], 598: [(3, 'C', 1, 'CCC')], 650: [(7, 'O', 0, '')], 751: [(6, 'C', 1, 'CC(C)=O')], 807: [(8, 'C', 0, '')], 859: [(4, 'C', 2, 'C=C(C)C(CC)CC')], 926: [(3, 'C', 0, ''), (5, 'C', 0, '')], 974: [(4, 'C', 1, 'CC(C)C')], 1017: [(10, 'C', 1, 'CC')], 1019: [(4, 'C', 0, '')], 1022: [(9, 'C', 1, 'C=C')], 1057: [(0, 'C', 0, ''), (10, 'C', 0, '')], 1366: [(9, 'C', 0, '')], 1380: [(1, 'C', 0, ''), (6, 'C', 0, '')], 1446: [(2, 'C', 2, 'CCC=C(C)C')], 1579: [(3, 'C', 2, 'C=CCC(C)C')], 1621: [(6, 'C', 2, 'C=C(C)C(=O)CC')], 1722: [(0, 'C', 1, 'CC')], 1768: [(1, 'C', 1, 'C=C(C)C')], 1771: [(1, 'C', 2, 'CC=C(C)C(C)=O')], 1781: [(2, 'C', 1, 'C=CC')], 1873: [(2, 'C', 0, '')], 2012: [(5, 'C', 2, 'CC(=O)CC(C)C')], 2044: [(8, 'C', 2, 'C=C(C)C(C)C')]}; {67: [(2, 'C', 2, 'CCC=C(C)C')], 89: [(7, 'C', 1, 'C=C(C)C')], 160: [(4, 'C', 2, 'C=C(C)C(CC)CC')], 598: [(3, 'C', 1, 'CCC')], 807: [(7, 'C', 0, '')], 835: [(6, 'C', 2, 'C=C(C)CCC')], 872: [(1, 'C', 2, 'CC=C(C)CC')], 926: [(3, 'C', 0, ''), (5, 'C', 0, ''), (6, 'C', 0, '')], 974: [(4, 'C', 1, 'CC(C)C')], 1017: [(9, 'C', 1, 'CC')], 1019: [(4, 'C', 0, '')], 1022: [(8, 'C', 1, 'C=C')], 1057: [(0, 'C', 0, ''), (9, 'C', 0, '')], 1325: [(5, 'C', 1, 'CCC')], 1366: [(8, 'C', 0, '')], 1380: [(1, 'C', 0, '')], 1579: [(3, 'C', 2, 'C=CCC(C)C')], 1722: [(0, 'C', 1, 'CC')], 1738: [(6, 'C', 1, 'CCC')], 1781: [(2, 'C', 1, 'C=CC')], 1784: [(5, 'C', 2, 'CCCC(C)C')], 1873: [(2, 'C', 0, '')], 1979: [(1, 'C', 1, 'C=C(C)C')], 2044: [(7, 'C', 2, 'C=C(C)C(C)C')]}; {80: [(3, 'C', 0, ''), (4, 'C', 0, '')], 114: [(5, 'C', 0, '')], 392: [(6, 'C', 1, 'CC')], 401: [(3, 'C', 1, 'CCC')], 479: [(2, 'C', 1, 'C=CC')], 694: [(2, 'C', 0, ''), (7, 'C', 0, '')], 807: [(1, 'C', 0, ''), (9, 'O', 0, '')], 906: [(7, 'C', 2, 'C=CC(C)(C)O')], 973: [(4, 'C', 2, 'CCCC(C)(C)O')], 1017: [(0, 'C', 1, 'CC'), (10, 'C', 1, 'CC')], 1057: [(0, 'C', 0, ''), (6, 'C', 0, ''), (10, 'C', 0, '')], 1125: [(3, 'C', 2, 'C=CCCC')], 1257: [(1, 'C', 1, 'C=C(C)C')], 1308: [(4, 'C', 1, 'CCC')], 1366: [(8, 'C', 0, '')], 1485: [(7, 'C', 1, 'C=CC')], 1574: [(2, 'C', 2, 'CCC=C(C)C')], 1582: [(1, 'C', 2, 'CC=C(C)C')], 1645: [(8, 'C', 1, 'C=C')], 1722: [(5, 'C', 1, 'CC(C)(C)O')], 1908: [(9, 'O', 1, 'CO')], 1999: [(5, 'C', 2, 'C=CC(C)(O)CC')]}"
Litsea zeylanica,0,No Reference,1,"{80: [(3, 'C', 0, ''), (4, 'C', 0, '')], 114: [(5, 'C', 0, '')], 392: [(6, 'C', 1, 'CC')], 401: [(3, 'C', 1, 'CCC')], 479: [(2, 'C', 1, 'C=CC')], 694: [(2, 'C', 0, ''), (7, 'C', 0, '')], 807: [(1, 'C', 0, ''), (9, 'O', 0, '')], 906: [(7, 'C', 2, 'C=CC(C)(C)O')], 973: [(4, 'C', 2, 'CCCC(C)(C)O')], 1017: [(0, 'C', 1, 'CC'), (10, 'C', 1, 'CC')], 1057: [(0, 'C', 0, ''), (6, 'C', 0, ''), (10, 'C', 0, '')], 1125: [(3, 'C', 2, 'C=CCCC')], 1257: [(1, 'C', 1, 'C=C(C)C')], 1308: [(4, 'C', 1, 'CCC')], 1366: [(8, 'C', 0, '')], 1485: [(7, 'C', 1, 'C=CC')], 1574: [(2, 'C', 2, 'CCC=C(C)C')], 1582: [(1, 'C', 2, 'CC=C(C)C')], 1645: [(8, 'C', 1, 'C=C')], 1722: [(5, 'C', 1, 'CC(C)(C)O')], 1908: [(9, 'O', 1, 'CO')], 1999: [(5, 'C', 2, 'C=CC(C)(O)CC')]}; {25: [(4, 'C', 2, 'C=C(C)CCC'), (2, 'C', 2, 'CCC=C(C)C')], 35: [(6, 'C', 1, 'C=C')], 61: [(11, 'C', 2, 'CCCC(C)C')], 455: [(7, 'C', 1, 'CC(C)C')], 519: [(10, 'C', 1, 'CC(C)C')], 574: [(5, 'C', 1, 'C=C(C)C')], 679: [(8, 'C', 1, 'CCC')], 835: [(12, 'C', 2, 'C=C(C)CCC')], 872: [(1, 'C', 2, 'CC=C(C)CC')], 903: [(5, 'C', 2, 'C=C(CC)C(C)C')], 926: [(3, 'C', 0, ''), (4, 'C', 0, ''), (8, 'C', 0, ''), (11, 'C', 0, ''), (12, 'C', 0, '')], 1019: [(7, 'C', 0, ''), (10, 'C', 0, '')], 1057: [(0, 'C', 0, ''), (13, 'C', 0, ''), (14, 'C', 0, '')], 1060: [(9, 'C', 0, '')], 1072: [(3, 'C', 2, 'C=CCCC')], 1147: [(3, 'C', 1, 'CCC')], 1232: [(9, 'C', 1, 'CC(C)(C)C')], 1274: [(13, 'C', 1, 'CC'), (14, 'C', 1, 'CC')], 1325: [(11, 'C', 1, 'CCC')], 1330: [(9, 'C', 2, 'CC1CCC1(C)C')], 1366: [(6, 'C', 0, '')], 1380: [(1, 'C', 0, ''), (5, 'C', 0, '')], 1487: [(8, 'C', 2, 'CC1CC(C)(C)C1')], 1501: [(10, 'C', 2, 'CCC1C(C)CC1(C)C')], 1722: [(0, 'C', 1, 'CC')], 1738: [(4, 'C', 1, 'CCC'), (12, 'C', 1, 'CCC')], 1781: [(2, 'C', 1, 'C=CC')], 1873: [(2, 'C', 0, '')], 1934: [(7, 'C', 2, 'C=C(C)C1CCC1C')], 1979: [(1, 'C', 1, 'C=C(C)C')]}"
Lonicera japonica,1,DOI:10.1155/2015/905063,1,"{80: [(3, 'C', 0, ''), (4, 'C', 0, '')], 114: [(5, 'C', 0, '')], 392: [(6, 'C', 1, 'CC')], 401: [(3, 'C', 1, 'CCC')], 479: [(2, 'C', 1, 'C=CC')], 694: [(2, 'C', 0, ''), (7, 'C', 0, '')], 807: [(1, 'C', 0, ''), (9, 'O', 0, '')], 906: [(7, 'C', 2, 'C=CC(C)(C)O')], 973: [(4, 'C', 2, 'CCCC(C)(C)O')], 1017: [(0, 'C', 1, 'CC'), (10, 'C', 1, 'CC')], 1057: [(0, 'C', 0, ''), (6, 'C', 0, ''), (10, 'C', 0, '')], 1125: [(3, 'C', 2, 'C=CCCC')], 1257: [(1, 'C', 1, 'C=C(C)C')], 1308: [(4, 'C', 1, 'CCC')], 1366: [(8, 'C', 0, '')], 1485: [(7, 'C', 1, 'C=CC')], 1574: [(2, 'C', 2, 'CCC=C(C)C')], 1582: [(1, 'C', 2, 'CC=C(C)C')], 1645: [(8, 'C', 1, 'C=C')], 1722: [(5, 'C', 1, 'CC(C)(C)O')], 1908: [(9, 'O', 1, 'CO')], 1999: [(5, 'C', 2, 'C=CC(C)(O)CC')]}; {1: [(12, 'C', 0, '')], 25: [(2, 'C', 2, 'CCC=C(C)C')], 35: [(6, 'C', 1, 'C=C')], 223: [(12, 'C', 2, 'CC(C)C(C)C')], 236: [(5, 'C', 2, 'C=CC(=C)CC')], 253: [(12, 'C', 1, 'CC(C)C')], 283: [(13, 'C', 1, 'CC'), (14, 'C', 1, 'CC')], 547: [(7, 'C', 1, 'C=CC')], 835: [(11, 'C', 2, 'C=C(C)CCC')], 872: [(1, 'C', 2, 'CC=C(C)CC')], 878: [(9, 'C', 2, 'C=CC(CC)C(C)C')], 926: [(3, 'C', 0, ''), (4, 'C', 0, ''), (10, 'C', 0, ''), (11, 'C', 0, '')], 930: [(8, 'C', 2, 'CC=CC(C)C')], 988: [(7, 'C', 2, 'C=C(C)C=CC')], 1019: [(9, 'C', 0, '')], 1057: [(0, 'C', 0, ''), (13, 'C', 0, ''), (14, 'C', 0, '')], 1070: [(5, 'C', 1, 'C=C(C)C')], 1072: [(3, 'C', 2, 'C=CCCC')], 1083: [(8, 'C', 1, 'C=CC')], 1147: [(3, 'C', 1, 'CCC')], 1325: [(10, 'C', 1, 'CCC')], 1366: [(6, 'C', 0, '')], 1380: [(1, 'C', 0, ''), (5, 'C', 0, '')], 1722: [(0, 'C', 1, 'CC')], 1738: [(4, 'C', 1, 'CCC'), (11, 'C', 1, 'CCC')], 1781: [(2, 'C', 1, 'C=CC')], 1819: [(4, 'C', 2, 'C=C(C)CCC')], 1873: [(2, 'C', 0, ''), (7, 'C', 0, ''), (8, 'C', 0, '')], 1895: [(9, 'C', 1, 'CC(C)C')], 1979: [(1, 'C', 1, 'C=C(C)C')], 2025: [(10, 'C', 2, 'CCCC(C)C')]}; {80: [(3, 'C', 0, ''), (4, 'C', 0, ''), (7, 'C', 0, '')], 101: [(4, 'C', 2, 'C=C(C)CCC')], 357: [(3, 'C', 2, 'C=CCCC')], 385: [(5, 'C', 2, 'CC=C(C)CC')], 401: [(3, 'C', 1, 'CCC')], 479: [(2, 'C', 1, 'C=CC'), (6, 'C', 1, 'C=CC'), (8, 'C', 1, 'C=CC')], 694: [(2, 'C', 0, ''), (6, 'C', 0, ''), (8, 'C', 0, ''), (11, 'C', 0, '')], 807: [(1, 'C', 0, ''), (5, 'C', 0, ''), (9, 'C', 0, '')], 959: [(11, 'C', 1, 'C=CC')], 1017: [(0, 'C', 1, 'CC'), (10, 'C', 1, 'CC'), (13, 'C', 1, 'CC'), (14, 'C', 1, 'CC')], 1028: [(7, 'C', 2, 'C=CCC=C')], 1057: [(0, 'C', 0, ''), (10, 'C', 0, ''), (13, 'C', 0, ''), (14, 'C', 0, '')], 1129: [(8, 'C', 2, 'CCC=C(C)C')], 1149: [(6, 'C', 2, 'CCC=C(C)C')], 1257: [(1, 'C', 1, 'C=C(C)C')], 1329: [(9, 'C', 2, 'C=CC(C)=CC')], 1366: [(12, 'C', 0, '')], 1564: [(4, 'C', 1, 'CCC')], 1574: [(2, 'C', 2, 'CCC=C(C)C')], 1582: [(1, 'C', 2, 'CC=C(C)C')], 1645: [(12, 'C', 1, 'C=C')], 1714: [(5, 'C', 1, 'C=C(C)C')], 1742: [(9, 'C', 1, 'C=C(C)C')], 1860: [(11, 'C', 2, 'C=CC(=C)C')], 1873: [(7, 'C', 1, 'CCC')]}"
Majorana hortensis,1,DOI:10.1155/2016/3694901,1,"{80: [(3, 'C', 0, ''), (4, 'C', 0, '')], 114: [(5, 'C', 0, '')], 392: [(6, 'C', 1, 'CC')], 401: [(3, 'C', 1, 'CCC')], 479: [(2, 'C', 1, 'C=CC')], 694: [(2, 'C', 0, ''), (7, 'C', 0, '')], 807: [(1, 'C', 0, ''), (9, 'O', 0, '')], 906: [(7, 'C', 2, 'C=CC(C)(C)O')], 973: [(4, 'C', 2, 'CCCC(C)(C)O')], 1017: [(0, 'C', 1, 'CC'), (10, 'C', 1, 'CC')], 1057: [(0, 'C', 0, ''), (6, 'C', 0, ''), (10, 'C', 0, '')], 1125: [(3, 'C', 2, 'C=CCCC')], 1257: [(1, 'C', 1, 'C=C(C)C')], 1308: [(4, 'C', 1, 'CCC')], 1366: [(8, 'C', 0, '')], 1485: [(7, 'C', 1, 'C=CC')], 1574: [(2, 'C', 2, 'CCC=C(C)C')], 1582: [(1, 'C', 2, 'CC=C(C)C')], 1645: [(8, 'C', 1, 'C=C')], 1722: [(5, 'C', 1, 'CC(C)(C)O')], 1908: [(9, 'O', 1, 'CO')], 1999: [(5, 'C', 2, 'C=CC(C)(O)CC')]}; {1: [(7, 'C', 0, '')], 61: [(3, 'C', 1, 'CCC')], 150: [(7, 'C', 1, 'CC(C)C')], 283: [(8, 'C', 1, 'CC'), (9, 'C', 1, 'CC')], 499: [(3, 'C', 2, 'C=CCC(C)(C)O')], 807: [(10, 'O', 0, '')], 872: [(1, 'C', 2, 'CC=C(C)CC')], 926: [(3, 'C', 0, ''), (5, 'C', 0, ''), (6, 'C', 0, '')], 1057: [(0, 'C', 0, ''), (8, 'C', 0, ''), (9, 'C', 0, '')], 1060: [(4, 'C', 0, '')], 1154: [(10, 'O', 1, 'CO')], 1162: [(5, 'C', 1, 'CCC')], 1164: [(7, 'C', 2, 'CC(C)C(C)(C)O')], 1324: [(4, 'C', 1, 'CC(C)(C)O')], 1380: [(1, 'C', 0, '')], 1677: [(5, 'C', 2, 'CCCC(C)(C)O')], 1689: [(4, 'C', 2, 'CCC(O)(CC)C(C)C')], 1722: [(0, 'C', 1, 'CC')], 1738: [(6, 'C', 1, 'CCC')], 1781: [(2, 'C', 1, 'C=CC')], 1873: [(2, 'C', 0, '')], 1900: [(2, 'C', 2, 'CCC=C(C)C')], 1960: [(6, 'C', 2, 'C=C(C)CCC')], 1979: [(1, 'C', 1, 'C=C(C)C')]}; {1: [(7, 'C', 0, '')], 121: [(7, 'C', 2, 'cc(c)C(C)C')], 142: [(2, 'C', 2, 'cc(C)cc(c)O')], 235: [(6, 'C', 2, 'cccc(c)C')], 237: [(4, 'C', 1, 'cc(c)C')], 283: [(8, 'C', 1, 'CC'), (9, 'C', 1, 'CC')], 448: [(4, 'C', 2, 'ccc(c(c)O)C(C)C')], 598: [(7, 'C', 1, 'cC(C)C')], 805: [(5, 'C', 2, 'cccc(c)C')], 807: [(10, 'O', 0, '')], 875: [(2, 'C', 1, 'ccc')], 1013: [(1, 'C', 2, 'ccc(C)cc')], 1057: [(0, 'C', 0, ''), (8, 'C', 0, ''), (9, 'C', 0, '')], 1380: [(1, 'C', 0, ''), (3, 'C', 0, ''), (4, 'C', 0, '')], 1602: [(10, 'O', 1, 'cO')], 1607: [(3, 'C', 1, 'cc(c)O')], 1722: [(0, 'C', 1, 'Cc')], 1750: [(5, 'C', 1, 'ccc'), (6, 'C', 1, 'ccc')], 1823: [(1, 'C', 1, 'cc(c)C')], 1873: [(2, 'C', 0, ''), (5, 'C', 0, ''), (6, 'C', 0, '')], 1875: [(3, 'C', 2, 'ccc(O)c(c)C')]}"
Mentha citrata,1,DOI:10.1016/j.indcrop.2016.07.005,1,"{80: [(3, 'C', 0, ''), (4, 'C', 0, '')], 114: [(5, 'C', 0, '')], 392: [(6, 'C', 1, 'CC')], 401: [(3, 'C', 1, 'CCC')], 479: [(2, 'C', 1, 'C=CC')], 694: [(2, 'C', 0, ''), (7, 'C', 0, '')], 807: [(1, 'C', 0, ''), (9, 'O', 0, '')], 906: [(7, 'C', 2, 'C=CC(C)(C)O')], 973: [(4, 'C', 2, 'CCCC(C)(C)O')], 1017: [(0, 'C', 1, 'CC'), (10, 'C', 1, 'CC')], 1057: [(0, 'C', 0, ''), (6, 'C', 0, ''), (10, 'C', 0, '')], 1125: [(3, 'C', 2, 'C=CCCC')], 1257: [(1, 'C', 1, 'C=C(C)C')], 1308: [(4, 'C', 1, 'CCC')], 1366: [(8, 'C', 0, '')], 1485: [(7, 'C', 1, 'C=CC')], 1574: [(2, 'C', 2, 'CCC=C(C)C')], 1582: [(1, 'C', 2, 'CC=C(C)C')], 1645: [(8, 'C', 1, 'C=C')], 1722: [(5, 'C', 1, 'CC(C)(C)O')], 1908: [(9, 'O', 1, 'CO')], 1999: [(5, 'C', 2, 'C=CC(C)(O)CC')]}; {75: [(10, 'C', 2, 'COC(C)=O')], 80: [(3, 'C', 0, ''), (4, 'C', 0, '')], 114: [(5, 'C', 0, '')], 135: [(7, 'C', 2, 'C=CC(C)(C)O')], 193: [(9, 'O', 2, 'CC(=O)OC(C)(C)C')], 231: [(9, 'O', 1, 'COC')], 392: [(6, 'C', 1, 'CC')], 401: [(3, 'C', 1, 'CCC')], 479: [(2, 'C', 1, 'C=CC')], 650: [(11, 'O', 0, '')], 694: [(2, 'C', 0, ''), (7, 'C', 0, '')], 695: [(9, 'O', 0, '')], 807: [(1, 'C', 0, ''), (10, 'C', 0, '')], 1017: [(0, 'C', 1, 'CC'), (12, 'C', 1, 'CC'), (13, 'C', 1, 'CC')], 1035: [(10, 'C', 1, 'CC(=O)O')], 1057: [(0, 'C', 0, ''), (6, 'C', 0, ''), (12, 'C', 0, ''), (13, 'C', 0, '')], 1125: [(3, 'C', 2, 'C=CCCC')], 1180: [(4, 'C', 2, 'CCCC(C)(C)O')], 1257: [(1, 'C', 1, 'C=C(C)C')], 1308: [(4, 'C', 1, 'CCC')], 1366: [(8, 'C', 0, '')], 1485: [(7, 'C', 1, 'C=CC')], 1574: [(2, 'C', 2, 'CCC=C(C)C')], 1582: [(1, 'C', 2, 'CC=C(C)C')], 1645: [(8, 'C', 1, 'C=C')], 1791: [(5, 'C', 2, 'C=CC(C)(CC)OC')], 1917: [(11, 'O', 1, 'C=O')], 1929: [(5, 'C', 1, 'CC(C)(C)O')]}"
Mentha viridis,1,DOI:10.1155/2022/7990508,1,"{80: [(3, 'C', 0, ''), (4, 'C', 0, '')], 114: [(5, 'C', 0, '')], 392: [(6, 'C', 1, 'CC')], 401: [(3, 'C', 1, 'CCC')], 479: [(2, 'C', 1, 'C=CC')], 694: [(2, 'C', 0, ''), (7, 'C', 0, '')], 807: [(1, 'C', 0, ''), (9, 'O', 0, '')], 906: [(7, 'C', 2, 'C=CC(C)(C)O')], 973: [(4, 'C', 2, 'CCCC(C)(C)O')], 1017: [(0, 'C', 1, 'CC'), (10, 'C', 1, 'CC')], 1057: [(0, 'C', 0, ''), (6, 'C', 0, ''), (10, 'C', 0, '')], 1125: [(3, 'C', 2, 'C=CCCC')], 1257: [(1, 'C', 1, 'C=C(C)C')], 1308: [(4, 'C', 1, 'CCC')], 1366: [(8, 'C', 0, '')], 1485: [(7, 'C', 1, 'C=CC')], 1574: [(2, 'C', 2, 'CCC=C(C)C')], 1582: [(1, 'C', 2, 'CC=C(C)C')], 1645: [(8, 'C', 1, 'C=C')], 1722: [(5, 'C', 1, 'CC(C)(C)O')], 1908: [(9, 'O', 1, 'CO')], 1999: [(5, 'C', 2, 'C=CC(C)(O)CC')]}; {75: [(10, 'C', 2, 'COC(C)=O')], 80: [(3, 'C', 0, ''), (4, 'C', 0, '')], 114: [(5, 'C', 0, '')], 135: [(7, 'C', 2, 'C=CC(C)(C)O')], 193: [(9, 'O', 2, 'CC(=O)OC(C)(C)C')], 231: [(9, 'O', 1, 'COC')], 392: [(6, 'C', 1, 'CC')], 401: [(3, 'C', 1, 'CCC')], 479: [(2, 'C', 1, 'C=CC')], 650: [(11, 'O', 0, '')], 694: [(2, 'C', 0, ''), (7, 'C', 0, '')], 695: [(9, 'O', 0, '')], 807: [(1, 'C', 0, ''), (10, 'C', 0, '')], 1017: [(0, 'C', 1, 'CC'), (12, 'C', 1, 'CC'), (13, 'C', 1, 'CC')], 1035: [(10, 'C', 1, 'CC(=O)O')], 1057: [(0, 'C', 0, ''), (6, 'C', 0, ''), (12, 'C', 0, ''), (13, 'C', 0, '')], 1125: [(3, 'C', 2, 'C=CCCC')], 1180: [(4, 'C', 2, 'CCCC(C)(C)O')], 1257: [(1, 'C', 1, 'C=C(C)C')], 1308: [(4, 'C', 1, 'CCC')], 1366: [(8, 'C', 0, '')], 1485: [(7, 'C', 1, 'C=CC')], 1574: [(2, 'C', 2, 'CCC=C(C)C')], 1582: [(1, 'C', 2, 'CC=C(C)C')], 1645: [(8, 'C', 1, 'C=C')], 1791: [(5, 'C', 2, 'C=CC(C)(CC)OC')], 1917: [(11, 'O', 1, 'C=O')], 1929: [(5, 'C', 1, 'CC(C)(C)O')]}"
Monarda didyma,0,No Reference,1,"{80: [(3, 'C', 0, ''), (4, 'C', 0, '')], 114: [(5, 'C', 0, '')], 392: [(6, 'C', 1, 'CC')], 401: [(3, 'C', 1, 'CCC')], 479: [(2, 'C', 1, 'C=CC')], 694: [(2, 'C', 0, ''), (7, 'C', 0, '')], 807: [(1, 'C', 0, ''), (9, 'O', 0, '')], 906: [(7, 'C', 2, 'C=CC(C)(C)O')], 973: [(4, 'C', 2, 'CCCC(C)(C)O')], 1017: [(0, 'C', 1, 'CC'), (10, 'C', 1, 'CC')], 1057: [(0, 'C', 0, ''), (6, 'C', 0, ''), (10, 'C', 0, '')], 1125: [(3, 'C', 2, 'C=CCCC')], 1257: [(1, 'C', 1, 'C=C(C)C')], 1308: [(4, 'C', 1, 'CCC')], 1366: [(8, 'C', 0, '')], 1485: [(7, 'C', 1, 'C=CC')], 1574: [(2, 'C', 2, 'CCC=C(C)C')], 1582: [(1, 'C', 2, 'CC=C(C)C')], 1645: [(8, 'C', 1, 'C=C')], 1722: [(5, 'C', 1, 'CC(C)(C)O')], 1908: [(9, 'O', 1, 'CO')], 1999: [(5, 'C', 2, 'C=CC(C)(O)CC')]}; {1: [(7, 'C', 0, '')], 235: [(2, 'C', 2, 'cccc(c)C'), (6, 'C', 2, 'cccc(c)C')], 283: [(8, 'C', 1, 'CC'), (9, 'C', 1, 'CC')], 561: [(4, 'C', 2, 'ccc(cc)C(C)C')], 598: [(7, 'C', 1, 'cC(C)C')], 1057: [(0, 'C', 0, ''), (8, 'C', 0, ''), (9, 'C', 0, '')], 1365: [(4, 'C', 1, 'cc(c)C')], 1380: [(1, 'C', 0, ''), (4, 'C', 0, '')], 1722: [(0, 'C', 1, 'Cc')], 1750: [(2, 'C', 1, 'ccc'), (3, 'C', 1, 'ccc'), (5, 'C', 1, 'ccc'), (6, 'C', 1, 'ccc')], 1804: [(7, 'C', 2, 'cc(c)C(C)C')], 1823: [(1, 'C', 1, 'cc(c)C')], 1853: [(3, 'C', 2, 'cccc(c)C'), (5, 'C', 2, 'cccc(c)C')], 1873: [(2, 'C', 0, ''), (3, 'C', 0, ''), (5, 'C', 0, ''), (6, 'C', 0, '')], 1920: [(1, 'C', 2, 'ccc(C)cc')]}"
Narcissus jonquilla,0,No Reference,1,"{80: [(3, 'C', 0, ''), (4, 'C', 0, '')], 114: [(5, 'C', 0, '')], 392: [(6, 'C', 1, 'CC')], 401: [(3, 'C', 1, 'CCC')], 479: [(2, 'C', 1, 'C=CC')], 694: [(2, 'C', 0, ''), (7, 'C', 0, '')], 807: [(1, 'C', 0, ''), (9, 'O', 0, '')], 906: [(7, 'C', 2, 'C=CC(C)(C)O')], 973: [(4, 'C', 2, 'CCCC(C)(C)O')], 1017: [(0, 'C', 1, 'CC'), (10, 'C', 1, 'CC')], 1057: [(0, 'C', 0, ''), (6, 'C', 0, ''), (10, 'C', 0, '')], 1125: [(3, 'C', 2, 'C=CCCC')], 1257: [(1, 'C', 1, 'C=C(C)C')], 1308: [(4, 'C', 1, 'CCC')], 1366: [(8, 'C', 0, '')], 1485: [(7, 'C', 1, 'C=CC')], 1574: [(2, 'C', 2, 'CCC=C(C)C')], 1582: [(1, 'C', 2, 'CC=C(C)C')], 1645: [(8, 'C', 1, 'C=C')], 1722: [(5, 'C', 1, 'CC(C)(C)O')], 1908: [(9, 'O', 1, 'CO')], 1999: [(5, 'C', 2, 'C=CC(C)(O)CC')]}; {80: [(3, 'C', 0, '')], 479: [(2, 'C', 1, 'C=CC'), (4, 'C', 1, 'C=CC')], 694: [(2, 'C', 0, ''), (4, 'C', 0, ''), (7, 'C', 0, '')], 807: [(1, 'C', 0, ''), (5, 'C', 0, '')], 959: [(7, 'C', 1, 'C=CC')], 1017: [(0, 'C', 1, 'CC'), (6, 'C', 1, 'CC'), (9, 'C', 1, 'CC')], 1028: [(3, 'C', 2, 'C=CCC=C')], 1057: [(0, 'C', 0, ''), (6, 'C', 0, ''), (9, 'C', 0, '')], 1129: [(4, 'C', 2, 'CCC=C(C)C')], 1257: [(1, 'C', 1, 'C=C(C)C')], 1329: [(5, 'C', 2, 'C=CC(C)=CC')], 1366: [(8, 'C', 0, '')], 1582: [(1, 'C', 2, 'CC=C(C)C')], 1590: [(2, 'C', 2, 'CCC=C(C)C')], 1645: [(8, 'C', 1, 'C=C')], 1742: [(5, 'C', 1, 'C=C(C)C')], 1860: [(7, 'C', 2, 'C=CC(=C)C')], 1873: [(3, 'C', 1, 'CCC')]}; {145: [(2, 'C', 1, 'cC(=O)O')], 389: [(7, 'C', 2, 'ccccc')], 606: [(4, 'C', 2, 'ccc(cc)C(=O)O')], 650: [(3, 'O', 0, '')], 695: [(1, 'O', 0, '')], 807: [(2, 'C', 0, '')], 841: [(0, 'C', 1, 'CO')], 906: [(1, 'O', 2, 'COC(c)=O')], 1057: [(0, 'C', 0, '')], 1088: [(6, 'C', 1, 'ccc'), (7, 'C', 1, 'ccc'), (8, 'C', 1, 'ccc')], 1152: [(1, 'O', 1, 'COC')], 1199: [(6, 'C', 2, 'ccccc'), (8, 'C', 2, 'ccccc')], 1380: [(4, 'C', 0, '')], 1385: [(4, 'C', 1, 'cc(c)C')], 1715: [(2, 'C', 2, 'cc(c)C(=O)OC')], 1750: [(5, 'C', 1, 'ccc'), (9, 'C', 1, 'ccc')], 1873: [(5, 'C', 0, ''), (6, 'C', 0, ''), (7, 'C', 0, ''), (8, 'C', 0, ''), (9, 'C', 0, '')], 1917: [(3, 'O', 1, 'C=O')], 1985: [(5, 'C', 2, 'cccc(c)C'), (9, 'C', 2, 'cccc(c)C')]}"
Ocimum basilicum,1,10.1016/j.foodchem.2021.129940,1,"{80: [(3, 'C', 0, ''), (4, 'C', 0, '')], 114: [(5, 'C', 0, '')], 392: [(6, 'C', 1, 'CC')], 401: [(3, 'C', 1, 'CCC')], 479: [(2, 'C', 1, 'C=CC')], 694: [(2, 'C', 0, ''), (7, 'C', 0, '')], 807: [(1, 'C', 0, ''), (9, 'O', 0, '')], 906: [(7, 'C', 2, 'C=CC(C)(C)O')], 973: [(4, 'C', 2, 'CCCC(C)(C)O')], 1017: [(0, 'C', 1, 'CC'), (10, 'C', 1, 'CC')], 1057: [(0, 'C', 0, ''), (6, 'C', 0, ''), (10, 'C', 0, '')], 1125: [(3, 'C', 2, 'C=CCCC')], 1257: [(1, 'C', 1, 'C=C(C)C')], 1308: [(4, 'C', 1, 'CCC')], 1366: [(8, 'C', 0, '')], 1485: [(7, 'C', 1, 'C=CC')], 1574: [(2, 'C', 2, 'CCC=C(C)C')], 1582: [(1, 'C', 2, 'CC=C(C)C')], 1645: [(8, 'C', 1, 'C=C')], 1722: [(5, 'C', 1, 'CC(C)(C)O')], 1908: [(9, 'O', 1, 'CO')], 1999: [(5, 'C', 2, 'C=CC(C)(O)CC')]}; {80: [(8, 'C', 0, '')], 310: [(4, 'C', 2, 'cccc(c)C'), (6, 'C', 2, 'cccc(c)C')], 322: [(2, 'C', 1, 'cc(c)O')], 407: [(5, 'C', 2, 'ccc(cc)CC')], 623: [(8, 'C', 1, 'cCC')], 694: [(9, 'C', 0, '')], 695: [(1, 'O', 0, '')], 718: [(3, 'C', 2, 'cccc(c)O'), (7, 'C', 2, 'cccc(c)O')], 781: [(1, 'O', 2, 'cc(c)OC')], 831: [(2, 'C', 2, 'ccc(cc)OC')], 841: [(0, 'C', 1, 'CO')], 940: [(9, 'C', 1, 'C=CC')], 1057: [(0, 'C', 0, '')], 1366: [(10, 'C', 0, '')], 1380: [(2, 'C', 0, ''), (5, 'C', 0, '')], 1536: [(1, 'O', 1, 'COc')], 1640: [(9, 'C', 2, 'C=CCc')], 1645: [(10, 'C', 1, 'C=C')], 1740: [(8, 'C', 2, 'C=CCc(c)c')], 1750: [(3, 'C', 1, 'ccc'), (4, 'C', 1, 'ccc'), (6, 'C', 1, 'ccc'), (7, 'C', 1, 'ccc')], 1754: [(5, 'C', 1, 'cc(c)C')], 1873: [(3, 'C', 0, ''), (4, 'C', 0, ''), (6, 'C', 0, ''), (7, 'C', 0, '')]}"
Perilla frutescens,0,No Reference,1,"{80: [(3, 'C', 0, ''), (4, 'C', 0, '')], 114: [(5, 'C', 0, '')], 392: [(6, 'C', 1, 'CC')], 401: [(3, 'C', 1, 'CCC')], 479: [(2, 'C', 1, 'C=CC')], 694: [(2, 'C', 0, ''), (7, 'C', 0, '')], 807: [(1, 'C', 0, ''), (9, 'O', 0, '')], 906: [(7, 'C', 2, 'C=CC(C)(C)O')], 973: [(4, 'C', 2, 'CCCC(C)(C)O')], 1017: [(0, 'C', 1, 'CC'), (10, 'C', 1, 'CC')], 1057: [(0, 'C', 0, ''), (6, 'C', 0, ''), (10, 'C', 0, '')], 1125: [(3, 'C', 2, 'C=CCCC')], 1257: [(1, 'C', 1, 'C=C(C)C')], 1308: [(4, 'C', 1, 'CCC')], 1366: [(8, 'C', 0, '')], 1485: [(7, 'C', 1, 'C=CC')], 1574: [(2, 'C', 2, 'CCC=C(C)C')], 1582: [(1, 'C', 2, 'CC=C(C)C')], 1645: [(8, 'C', 1, 'C=C')], 1722: [(5, 'C', 1, 'CC(C)(C)O')], 1908: [(9, 'O', 1, 'CO')], 1999: [(5, 'C', 2, 'C=CC(C)(O)CC')]}; {80: [(3, 'C', 0, ''), (4, 'C', 0, '')], 92: [(7, 'C', 1, 'CC=O')], 101: [(4, 'C', 2, 'C=C(C)CCC')], 357: [(3, 'C', 2, 'C=CCCC')], 401: [(3, 'C', 1, 'CCC')], 479: [(2, 'C', 1, 'C=CC')], 650: [(8, 'O', 0, '')], 694: [(2, 'C', 0, ''), (6, 'C', 0, ''), (7, 'C', 0, '')], 807: [(1, 'C', 0, ''), (5, 'C', 0, '')], 1004: [(8, 'O', 1, 'C=O')], 1017: [(0, 'C', 1, 'CC'), (9, 'C', 1, 'CC'), (10, 'C', 1, 'CC')], 1057: [(0, 'C', 0, ''), (9, 'C', 0, ''), (10, 'C', 0, '')], 1168: [(7, 'C', 2, 'C=CC=O')], 1257: [(1, 'C', 1, 'C=C(C)C')], 1319: [(6, 'C', 1, 'C=CC')], 1450: [(6, 'C', 2, 'CC(C)=CC=O')], 1465: [(5, 'C', 2, 'CC=C(C)CC')], 1564: [(4, 'C', 1, 'CCC')], 1574: [(2, 'C', 2, 'CCC=C(C)C')], 1582: [(1, 'C', 2, 'CC=C(C)C')], 1714: [(5, 'C', 1, 'C=C(C)C')]}"
Platonia insignis,0,No Reference,1,"{67: [(2, 'C', 2, 'CCC=C(C)C')], 114: [(7, 'C', 0, '')], 392: [(8, 'C', 1, 'CC'), (9, 'C', 1, 'CC')], 417: [(3, 'C', 2, 'C=CCC(C)C')], 598: [(3, 'C', 1, 'CCC')], 807: [(10, 'O', 0, '')], 835: [(6, 'C', 2, 'C=C(C)CCC')], 872: [(1, 'C', 2, 'CC=C(C)CC')], 926: [(3, 'C', 0, ''), (5, 'C', 0, ''), (6, 'C', 0, '')], 1019: [(4, 'C', 0, '')], 1057: [(0, 'C', 0, ''), (8, 'C', 0, ''), (9, 'C', 0, '')], 1096: [(4, 'C', 1, 'CC(C)C')], 1325: [(5, 'C', 1, 'CCC')], 1380: [(1, 'C', 0, '')], 1388: [(7, 'C', 2, 'CC(C)C(C)(C)O')], 1518: [(4, 'C', 2, 'CCC(CC)C(C)(C)O')], 1604: [(7, 'C', 1, 'CC(C)(C)O')], 1650: [(5, 'C', 2, 'CCCC(C)C')], 1722: [(0, 'C', 1, 'CC')], 1738: [(6, 'C', 1, 'CCC')], 1781: [(2, 'C', 1, 'C=CC')], 1873: [(2, 'C', 0, '')], 1908: [(10, 'O', 1, 'CO')], 1979: [(1, 'C', 1, 'C=C(C)C')]}; {114: [(6, 'C', 0, '')], 371: [(2, 'C', 2, 'CCCC(C)(C)O')], 392: [(7, 'C', 1, 'CC'), (8, 'C', 1, 'CC')], 474: [(4, 'C', 1, 'CC(C)O')], 518: [(1, 'C', 2, 'C=CC(C)(CC)OC')], 563: [(10, 'C', 1, 'C=CC')], 656: [(5, 'O', 0, '')], 694: [(10, 'C', 0, '')], 807: [(9, 'O', 0, '')], 926: [(2, 'C', 0, ''), (3, 'C', 0, '')], 961: [(6, 'C', 2, 'CC(O)C(C)(C)O')], 1019: [(4, 'C', 0, '')], 1056: [(5, 'O', 2, 'CC(C)OC(C)(C)C')], 1057: [(0, 'C', 0, ''), (7, 'C', 0, ''), (8, 'C', 0, '')], 1060: [(1, 'C', 0, '')], 1070: [(5, 'O', 1, 'COC')], 1162: [(2, 'C', 1, 'CCC')], 1220: [(3, 'C', 2, 'CCCC(C)O')], 1274: [(0, 'C', 1, 'CC')], 1325: [(3, 'C', 1, 'CCC')], 1366: [(11, 'C', 0, '')], 1546: [(10, 'C', 2, 'C=CC(C)(C)O')], 1551: [(1, 'C', 1, 'CC(C)(C)O')], 1604: [(6, 'C', 1, 'CC(C)(C)O')], 1645: [(11, 'C', 1, 'C=C')], 1897: [(4, 'C', 2, 'CCC(OC)C(C)(C)O')], 1908: [(9, 'O', 1, 'CO')]}; {80: [(3, 'C', 0, ''), (4, 'C', 0, '')], 114: [(5, 'C', 0, '')], 392: [(6, 'C', 1, 'CC')], 401: [(3, 'C', 1, 'CCC')], 479: [(2, 'C', 1, 'C=CC')], 694: [(2, 'C', 0, ''), (7, 'C', 0, '')], 807: [(1, 'C', 0, ''), (9, 'O', 0, '')], 906: [(7, 'C', 2, 'C=CC(C)(C)O')], 973: [(4, 'C', 2, 'CCCC(C)(C)O')], 1017: [(0, 'C', 1, 'CC'), (10, 'C', 1, 'CC')], 1057: [(0, 'C', 0, ''), (6, 'C', 0, ''), (10, 'C', 0, '')], 1125: [(3, 'C', 2, 'C=CCCC')], 1257: [(1, 'C', 1, 'C=C(C)C')], 1308: [(4, 'C', 1, 'CCC')], 1366: [(8, 'C', 0, '')], 1485: [(7, 'C', 1, 'C=CC')], 1574: [(2, 'C', 2, 'CCC=C(C)C')], 1582: [(1, 'C', 2, 'CC=C(C)C')], 1645: [(8, 'C', 1, 'C=C')], 1722: [(5, 'C', 1, 'CC(C)(C)O')], 1908: [(9, 'O', 1, 'CO')], 1999: [(5, 'C', 2, 'C=CC(C)(O)CC')]}"
Salvia sclarea,0,DOI:10.1002/fsn3.116,1,"{80: [(3, 'C', 0, ''), (4, 'C', 0, '')], 114: [(5, 'C', 0, '')], 392: [(6, 'C', 1, 'CC')], 401: [(3, 'C', 1, 'CCC')], 479: [(2, 'C', 1, 'C=CC')], 694: [(2, 'C', 0, ''), (7, 'C', 0, '')], 807: [(1, 'C', 0, ''), (9, 'O', 0, '')], 906: [(7, 'C', 2, 'C=CC(C)(C)O')], 973: [(4, 'C', 2, 'CCCC(C)(C)O')], 1017: [(0, 'C', 1, 'CC'), (10, 'C', 1, 'CC')], 1057: [(0, 'C', 0, ''), (6, 'C', 0, ''), (10, 'C', 0, '')], 1125: [(3, 'C', 2, 'C=CCCC')], 1257: [(1, 'C', 1, 'C=C(C)C')], 1308: [(4, 'C', 1, 'CCC')], 1366: [(8, 'C', 0, '')], 1485: [(7, 'C', 1, 'C=CC')], 1574: [(2, 'C', 2, 'CCC=C(C)C')], 1582: [(1, 'C', 2, 'CC=C(C)C')], 1645: [(8, 'C', 1, 'C=C')], 1722: [(5, 'C', 1, 'CC(C)(C)O')], 1908: [(9, 'O', 1, 'CO')], 1999: [(5, 'C', 2, 'C=CC(C)(O)CC')]}; {75: [(10, 'C', 2, 'COC(C)=O')], 80: [(3, 'C', 0, ''), (4, 'C', 0, '')], 114: [(5, 'C', 0, '')], 135: [(7, 'C', 2, 'C=CC(C)(C)O')], 193: [(9, 'O', 2, 'CC(=O)OC(C)(C)C')], 231: [(9, 'O', 1, 'COC')], 392: [(6, 'C', 1, 'CC')], 401: [(3, 'C', 1, 'CCC')], 479: [(2, 'C', 1, 'C=CC')], 650: [(11, 'O', 0, '')], 694: [(2, 'C', 0, ''), (7, 'C', 0, '')], 695: [(9, 'O', 0, '')], 807: [(1, 'C', 0, ''), (10, 'C', 0, '')], 1017: [(0, 'C', 1, 'CC'), (12, 'C', 1, 'CC'), (13, 'C', 1, 'CC')], 1035: [(10, 'C', 1, 'CC(=O)O')], 1057: [(0, 'C', 0, ''), (6, 'C', 0, ''), (12, 'C', 0, ''), (13, 'C', 0, '')], 1125: [(3, 'C', 2, 'C=CCCC')], 1180: [(4, 'C', 2, 'CCCC(C)(C)O')], 1257: [(1, 'C', 1, 'C=C(C)C')], 1308: [(4, 'C', 1, 'CCC')], 1366: [(8, 'C', 0, '')], 1485: [(7, 'C', 1, 'C=CC')], 1574: [(2, 'C', 2, 'CCC=C(C)C')], 1582: [(1, 'C', 2, 'CC=C(C)C')], 1645: [(8, 'C', 1, 'C=C')], 1791: [(5, 'C', 2, 'C=CC(C)(CC)OC')], 1917: [(11, 'O', 1, 'C=O')], 1929: [(5, 'C', 1, 'CC(C)(C)O')]}"
Spartium junceum,0,DOI:10.1186/s12941-020-00371-1,1,"{80: [(3, 'C', 0, ''), (4, 'C', 0, '')], 114: [(5, 'C', 0, '')], 392: [(6, 'C', 1, 'CC')], 401: [(3, 'C', 1, 'CCC')], 479: [(2, 'C', 1, 'C=CC')], 694: [(2, 'C', 0, ''), (7, 'C', 0, '')], 807: [(1, 'C', 0, ''), (9, 'O', 0, '')], 906: [(7, 'C', 2, 'C=CC(C)(C)O')], 973: [(4, 'C', 2, 'CCCC(C)(C)O')], 1017: [(0, 'C', 1, 'CC'), (10, 'C', 1, 'CC')], 1057: [(0, 'C', 0, ''), (6, 'C', 0, ''), (10, 'C', 0, '')], 1125: [(3, 'C', 2, 'C=CCCC')], 1257: [(1, 'C', 1, 'C=C(C)C')], 1308: [(4, 'C', 1, 'CCC')], 1366: [(8, 'C', 0, '')], 1485: [(7, 'C', 1, 'C=CC')], 1574: [(2, 'C', 2, 'CCC=C(C)C')], 1582: [(1, 'C', 2, 'CC=C(C)C')], 1645: [(8, 'C', 1, 'C=C')], 1722: [(5, 'C', 1, 'CC(C)(C)O')], 1908: [(9, 'O', 1, 'CO')], 1999: [(5, 'C', 2, 'C=CC(C)(O)CC')]}; {80: [(1, 'C', 0, ''), (2, 'C', 0, ''), (3, 'C', 0, ''), (4, 'C', 0, ''), (5, 'C', 0, ''), (6, 'C', 0, ''), (7, 'C', 0, ''), (8, 'C', 0, ''), (9, 'C', 0, ''), (10, 'C', 0, ''), (11, 'C', 0, ''), (12, 'C', 0, ''), (13, 'C', 0, ''), (14, 'C', 0, ''), (18, 'C', 0, '')], 147: [(17, 'O', 1, 'COC')], 294: [(0, 'C', 1, 'CC'), (19, 'C', 1, 'CC')], 591: [(1, 'C', 2, 'CCCC')], 650: [(16, 'O', 0, '')], 677: [(15, 'C', 2, 'CCC(=O)OC')], 695: [(17, 'O', 0, '')], 794: [(1, 'C', 1, 'CCC')], 807: [(15, 'C', 0, '')], 1057: [(0, 'C', 0, ''), (19, 'C', 0, '')], 1143: [(3, 'C', 2, 'CCCCC'), (4, 'C', 2, 'CCCCC'), (5, 'C', 2, 'CCCCC'), (6, 'C', 2, 'CCCCC'), (7, 'C', 2, 'CCCCC'), (8, 'C', 2, 'CCCCC'), (9, 'C', 2, 'CCCCC'), (10, 'C', 2, 'CCCCC'), (11, 'C', 2, 'CCCCC'), (12, 'C', 2, 'CCCCC')], 1238: [(18, 'C', 1, 'CCO')], 1267: [(13, 'C', 2, 'CCCCC')], 1386: [(15, 'C', 1, 'CC(=O)O')], 1399: [(14, 'C', 2, 'CCCC(=O)O')], 1444: [(2, 'C', 2, 'CCCCC')], 1564: [(14, 'C', 1, 'CCC')], 1722: [(18, 'C', 2, 'CCOC')], 1911: [(2, 'C', 1, 'CCC'), (3, 'C', 1, 'CCC'), (4, 'C', 1, 'CCC'), (5, 'C', 1, 'CCC'), (6, 'C', 1, 'CCC'), (7, 'C', 1, 'CCC'), (8, 'C', 1, 'CCC'), (9, 'C', 1, 'CCC'), (10, 'C', 1, 'CCC'), (11, 'C', 1, 'CCC'), (12, 'C', 1, 'CCC'), (13, 'C', 1, 'CCC')], 1917: [(16, 'O', 1, 'C=O')], 2033: [(17, 'O', 2, 'CCOC(C)=O')]}; {80: [(1, 'C', 0, ''), (2, 'C', 0, ''), (3, 'C', 0, ''), (4, 'C', 0, ''), (5, 'C', 0, ''), (6, 'C', 0, ''), (7, 'C', 0, ''), (8, 'C', 0, ''), (9, 'C', 0, ''), (10, 'C', 0, ''), (11, 'C', 0, ''), (12, 'C', 0, ''), (13, 'C', 0, ''), (14, 'C', 0, '')], 294: [(0, 'C', 1, 'CC')], 389: [(17, 'O', 1, 'CO')], 591: [(1, 'C', 2, 'CCCC')], 650: [(16, 'O', 0, '')], 794: [(1, 'C', 1, 'CCC')], 807: [(15, 'C', 0, ''), (17, 'O', 0, '')], 1057: [(0, 'C', 0, '')], 1110: [(14, 'C', 2, 'CCCC(=O)O')], 1143: [(3, 'C', 2, 'CCCCC'), (4, 'C', 2, 'CCCCC'), (5, 'C', 2, 'CCCCC'), (6, 'C', 2, 'CCCCC'), (7, 'C', 2, 'CCCCC'), (8, 'C', 2, 'CCCCC'), (9, 'C', 2, 'CCCCC'), (10, 'C', 2, 'CCCCC'), (11, 'C', 2, 'CCCCC'), (12, 'C', 2, 'CCCCC')], 1267: [(13, 'C', 2, 'CCCCC')], 1287: [(15, 'C', 2, 'CCC(=O)O')], 1444: [(2, 'C', 2, 'CCCCC')], 1564: [(14, 'C', 1, 'CCC')], 1737: [(15, 'C', 1, 'CC(=O)O')], 1911: [(2, 'C', 1, 'CCC'), (3, 'C', 1, 'CCC'), (4, 'C', 1, 'CCC'), (5, 'C', 1, 'CCC'), (6, 'C', 1, 'CCC'), (7, 'C', 1, 'CCC'), (8, 'C', 1, 'CCC'), (9, 'C', 1, 'CCC'), (10, 'C', 1, 'CCC'), (11, 'C', 1, 'CCC'), (12, 'C', 1, 'CCC'), (13, 'C', 1, 'CCC')], 1917: [(16, 'O', 1, 'C=O')]}; {80: [(1, 'C', 0, ''), (4, 'C', 0, ''), (7, 'C', 0, ''), (10, 'C', 0, ''), (11, 'C', 0, ''), (12, 'C', 0, ''), (13, 'C', 0, ''), (14, 'C', 0, ''), (15, 'C', 0, ''), (16, 'C', 0, '')], 294: [(0, 'C', 1, 'CC')], 389: [(19, 'O', 1, 'CO')], 401: [(10, 'C', 1, 'CCC')], 650: [(18, 'O', 0, '')], 694: [(2, 'C', 0, ''), (3, 'C', 0, ''), (5, 'C', 0, ''), (6, 'C', 0, ''), (8, 'C', 0, ''), (9, 'C', 0, '')], 749: [(2, 'C', 2, 'CC=CCC')], 775: [(10, 'C', 2, 'C=CCCC')], 807: [(17, 'C', 0, ''), (19, 'O', 0, '')], 1057: [(0, 'C', 0, '')], 1110: [(16, 'C', 2, 'CCCC(=O)O')], 1134: [(1, 'C', 2, 'C=CCC')], 1143: [(12, 'C', 2, 'CCCCC'), (13, 'C', 2, 'CCCCC'), (14, 'C', 2, 'CCCCC')], 1195: [(3, 'C', 2, 'CC=CCC'), (5, 'C', 2, 'CC=CCC'), (6, 'C', 2, 'CC=CCC'), (8, 'C', 2, 'CC=CCC')], 1267: [(15, 'C', 2, 'CCCCC')], 1287: [(17, 'C', 2, 'CCC(=O)O')], 1356: [(2, 'C', 1, 'C=CC'), (3, 'C', 1, 'C=CC'), (5, 'C', 1, 'C=CC'), (6, 'C', 1, 'C=CC'), (8, 'C', 1, 'C=CC'), (9, 'C', 1, 'C=CC')], 1440: [(11, 'C', 2, 'CCCCC')], 1454: [(1, 'C', 1, 'CCC')], 1564: [(16, 'C', 1, 'CCC')], 1670: [(4, 'C', 2, 'C=CCC=C'), (7, 'C', 2, 'C=CCC=C')], 1737: [(17, 'C', 1, 'CC(=O)O')], 1755: [(9, 'C', 2, 'CC=CCC')], 1873: [(4, 'C', 1, 'CCC'), (7, 'C', 1, 'CCC')], 1911: [(11, 'C', 1, 'CCC'), (12, 'C', 1, 'CCC'), (13, 'C', 1, 'CCC'), (14, 'C', 1, 'CCC'), (15, 'C', 1, 'CCC')], 1917: [(18, 'O', 1, 'C=O')]}"
Thymus serpyllum,1,DOI:10.1016/j.foodcont.2005.11.009,1,"{67: [(2, 'C', 2, 'CCC=C(C)C')], 75: [(11, 'C', 2, 'COC(C)=O')], 114: [(7, 'C', 0, '')], 231: [(10, 'O', 1, 'COC')], 392: [(8, 'C', 1, 'CC'), (9, 'C', 1, 'CC')], 417: [(3, 'C', 2, 'C=CCC(C)C')], 598: [(3, 'C', 1, 'CCC')], 650: [(12, 'O', 0, '')], 695: [(10, 'O', 0, '')], 711: [(7, 'C', 2, 'COC(C)(C)C(C)C')], 807: [(11, 'C', 0, '')], 835: [(6, 'C', 2, 'C=C(C)CCC')], 872: [(1, 'C', 2, 'CC=C(C)CC')], 926: [(3, 'C', 0, ''), (5, 'C', 0, ''), (6, 'C', 0, '')], 1017: [(13, 'C', 1, 'CC')], 1019: [(4, 'C', 0, '')], 1035: [(11, 'C', 1, 'CC(=O)O')], 1057: [(0, 'C', 0, ''), (8, 'C', 0, ''), (9, 'C', 0, ''), (13, 'C', 0, '')], 1096: [(4, 'C', 1, 'CC(C)C')], 1325: [(5, 'C', 1, 'CCC')], 1380: [(1, 'C', 0, '')], 1441: [(10, 'O', 2, 'CC(=O)OC(C)(C)C')], 1650: [(5, 'C', 2, 'CCCC(C)C')], 1722: [(0, 'C', 1, 'CC')], 1738: [(6, 'C', 1, 'CCC')], 1781: [(2, 'C', 1, 'C=CC')], 1873: [(2, 'C', 0, '')], 1917: [(12, 'O', 1, 'C=O')], 1962: [(4, 'C', 2, 'CCC(CC)C(C)(C)O')], 1979: [(1, 'C', 1, 'C=C(C)C')], 2041: [(7, 'C', 1, 'CC(C)(C)O')]}; {80: [(3, 'C', 0, ''), (4, 'C', 0, '')], 114: [(5, 'C', 0, '')], 392: [(6, 'C', 1, 'CC')], 401: [(3, 'C', 1, 'CCC')], 479: [(2, 'C', 1, 'C=CC')], 694: [(2, 'C', 0, ''), (7, 'C', 0, '')], 807: [(1, 'C', 0, ''), (9, 'O', 0, '')], 906: [(7, 'C', 2, 'C=CC(C)(C)O')], 973: [(4, 'C', 2, 'CCCC(C)(C)O')], 1017: [(0, 'C', 1, 'CC'), (10, 'C', 1, 'CC')], 1057: [(0, 'C', 0, ''), (6, 'C', 0, ''), (10, 'C', 0, '')], 1125: [(3, 'C', 2, 'C=CCCC')], 1257: [(1, 'C', 1, 'C=C(C)C')], 1308: [(4, 'C', 1, 'CCC')], 1366: [(8, 'C', 0, '')], 1485: [(7, 'C', 1, 'C=CC')], 1574: [(2, 'C', 2, 'CCC=C(C)C')], 1582: [(1, 'C', 2, 'CC=C(C)C')], 1645: [(8, 'C', 1, 'C=C')], 1722: [(5, 'C', 1, 'CC(C)(C)O')], 1908: [(9, 'O', 1, 'CO')], 1999: [(5, 'C', 2, 'C=CC(C)(O)CC')]}"
Viburnum orientale,0,No Reference,1,"{67: [(2, 'C', 2, 'CCC=C(C)C')], 114: [(7, 'C', 0, '')], 392: [(8, 'C', 1, 'CC'), (9, 'C', 1, 'CC')], 417: [(3, 'C', 2, 'C=CCC(C)C')], 598: [(3, 'C', 1, 'CCC')], 807: [(10, 'O', 0, '')], 835: [(6, 'C', 2, 'C=C(C)CCC')], 872: [(1, 'C', 2, 'CC=C(C)CC')], 926: [(3, 'C', 0, ''), (5, 'C', 0, ''), (6, 'C', 0, '')], 1019: [(4, 'C', 0, '')], 1057: [(0, 'C', 0, ''), (8, 'C', 0, ''), (9, 'C', 0, '')], 1096: [(4, 'C', 1, 'CC(C)C')], 1325: [(5, 'C', 1, 'CCC')], 1380: [(1, 'C', 0, '')], 1388: [(7, 'C', 2, 'CC(C)C(C)(C)O')], 1518: [(4, 'C', 2, 'CCC(CC)C(C)(C)O')], 1604: [(7, 'C', 1, 'CC(C)(C)O')], 1650: [(5, 'C', 2, 'CCCC(C)C')], 1722: [(0, 'C', 1, 'CC')], 1738: [(6, 'C', 1, 'CCC')], 1781: [(2, 'C', 1, 'C=CC')], 1873: [(2, 'C', 0, '')], 1908: [(10, 'O', 1, 'CO')], 1979: [(1, 'C', 1, 'C=C(C)C')]}; {44: [(7, 'C', 2, 'C=CCO')], 80: [(3, 'C', 0, ''), (4, 'C', 0, ''), (7, 'C', 0, '')], 101: [(4, 'C', 2, 'C=C(C)CCC')], 222: [(8, 'O', 1, 'CO')], 357: [(3, 'C', 2, 'C=CCCC')], 385: [(5, 'C', 2, 'CC=C(C)CC')], 401: [(3, 'C', 1, 'CCC')], 479: [(2, 'C', 1, 'C=CC'), (6, 'C', 1, 'C=CC')], 694: [(2, 'C', 0, ''), (6, 'C', 0, '')], 807: [(1, 'C', 0, ''), (5, 'C', 0, ''), (8, 'O', 0, '')], 1017: [(0, 'C', 1, 'CC'), (9, 'C', 1, 'CC'), (10, 'C', 1, 'CC')], 1057: [(0, 'C', 0, ''), (9, 'C', 0, ''), (10, 'C', 0, '')], 1257: [(1, 'C', 1, 'C=C(C)C')], 1325: [(6, 'C', 2, 'CC(C)=CCO')], 1564: [(4, 'C', 1, 'CCC')], 1574: [(2, 'C', 2, 'CCC=C(C)C')], 1582: [(1, 'C', 2, 'CC=C(C)C')], 1599: [(7, 'C', 1, 'CCO')], 1714: [(5, 'C', 1, 'C=C(C)C')]}; {80: [(3, 'C', 0, ''), (4, 'C', 0, '')], 114: [(5, 'C', 0, '')], 392: [(6, 'C', 1, 'CC')], 401: [(3, 'C', 1, 'CCC')], 479: [(2, 'C', 1, 'C=CC')], 694: [(2, 'C', 0, ''), (7, 'C', 0, '')], 807: [(1, 'C', 0, ''), (9, 'O', 0, '')], 906: [(7, 'C', 2, 'C=CC(C)(C)O')], 973: [(4, 'C', 2, 'CCCC(C)(C)O')], 1017: [(0, 'C', 1, 'CC'), (10, 'C', 1, 'CC')], 1057: [(0, 'C', 0, ''), (6, 'C', 0, ''), (10, 'C', 0, '')], 1125: [(3, 'C', 2, 'C=CCCC')], 1257: [(1, 'C', 1, 'C=C(C)C')], 1308: [(4, 'C', 1, 'CCC')], 1366: [(8, 'C', 0, '')], 1485: [(7, 'C', 1, 'C=CC')], 1574: [(2, 'C', 2, 'CCC=C(C)C')], 1582: [(1, 'C', 2, 'CC=C(C)C')], 1645: [(8, 'C', 1, 'C=C')], 1722: [(5, 'C', 1, 'CC(C)(C)O')], 1908: [(9, 'O', 1, 'CO')], 1999: [(5, 'C', 2, 'C=CC(C)(O)CC')]}"
Zanthoxylum armatum,0,No Reference,1,"{80: [(3, 'C', 0, ''), (4, 'C', 0, '')], 114: [(5, 'C', 0, '')], 392: [(6, 'C', 1, 'CC')], 401: [(3, 'C', 1, 'CCC')], 479: [(2, 'C', 1, 'C=CC')], 694: [(2, 'C', 0, ''), (7, 'C', 0, '')], 807: [(1, 'C', 0, ''), (9, 'O', 0, '')], 906: [(7, 'C', 2, 'C=CC(C)(C)O')], 973: [(4, 'C', 2, 'CCCC(C)(C)O')], 1017: [(0, 'C', 1, 'CC'), (10, 'C', 1, 'CC')], 1057: [(0, 'C', 0, ''), (6, 'C', 0, ''), (10, 'C', 0, '')], 1125: [(3, 'C', 2, 'C=CCCC')], 1257: [(1, 'C', 1, 'C=C(C)C')], 1308: [(4, 'C', 1, 'CCC')], 1366: [(8, 'C', 0, '')], 1485: [(7, 'C', 1, 'C=CC')], 1574: [(2, 'C', 2, 'CCC=C(C)C')], 1582: [(1, 'C', 2, 'CC=C(C)C')], 1645: [(8, 'C', 1, 'C=C')], 1722: [(5, 'C', 1, 'CC(C)(C)O')], 1908: [(9, 'O', 1, 'CO')], 1999: [(5, 'C', 2, 'C=CC(C)(O)CC')]}; {31: [(4, 'C', 1, 'C=CC')], 176: [(4, 'C', 2, 'cC=CC(=O)O')], 200: [(2, 'C', 2, 'C=CC(=O)OC')], 389: [(9, 'C', 2, 'ccccc')], 650: [(3, 'O', 0, '')], 690: [(1, 'O', 2, 'COC(C)=O')], 694: [(4, 'C', 0, ''), (5, 'C', 0, '')], 695: [(1, 'O', 0, '')], 807: [(2, 'C', 0, '')], 835: [(5, 'C', 1, 'C=Cc')], 841: [(0, 'C', 1, 'CO')], 878: [(6, 'C', 2, 'C=Cc(cc)cc')], 1057: [(0, 'C', 0, '')], 1073: [(2, 'C', 1, 'CC(=O)O')], 1088: [(8, 'C', 1, 'ccc'), (9, 'C', 1, 'ccc'), (10, 'C', 1, 'ccc')], 1152: [(1, 'O', 1, 'COC')], 1199: [(8, 'C', 2, 'ccccc'), (10, 'C', 2, 'ccccc')], 1308: [(5, 'C', 2, 'cc(c)C=CC')], 1353: [(7, 'C', 2, 'cccc(c)C'), (11, 'C', 2, 'cccc(c)C')], 1380: [(6, 'C', 0, '')], 1750: [(7, 'C', 1, 'ccc'), (11, 'C', 1, 'ccc')], 1873: [(7, 'C', 0, ''), (8, 'C', 0, ''), (9, 'C', 0, ''), (10, 'C', 0, ''), (11, 'C', 0, '')], 1917: [(3, 'O', 1, 'C=O')], 2033: [(6, 'C', 1, 'cc(c)C')]}"
Zataria multiflora,1,DOI:10.1016/j.foodres.2008.07.018,1,"{80: [(3, 'C', 0, ''), (4, 'C', 0, '')], 114: [(5, 'C', 0, '')], 392: [(6, 'C', 1, 'CC')], 401: [(3, 'C', 1, 'CCC')], 479: [(2, 'C', 1, 'C=CC')], 694: [(2, 'C', 0, ''), (7, 'C', 0, '')], 807: [(1, 'C', 0, ''), (9, 'O', 0, '')], 906: [(7, 'C', 2, 'C=CC(C)(C)O')], 973: [(4, 'C', 2, 'CCCC(C)(C)O')], 1017: [(0, 'C', 1, 'CC'), (10, 'C', 1, 'CC')], 1057: [(0, 'C', 0, ''), (6, 'C', 0, ''), (10, 'C', 0, '')], 1125: [(3, 'C', 2, 'C=CCCC')], 1257: [(1, 'C', 1, 'C=C(C)C')], 1308: [(4, 'C', 1, 'CCC')], 1366: [(8, 'C', 0, '')], 1485: [(7, 'C', 1, 'C=CC')], 1574: [(2, 'C', 2, 'CCC=C(C)C')], 1582: [(1, 'C', 2, 'CC=C(C)C')], 1645: [(8, 'C', 1, 'C=C')], 1722: [(5, 'C', 1, 'CC(C)(C)O')], 1908: [(9, 'O', 1, 'CO')], 1999: [(5, 'C', 2, 'C=CC(C)(O)CC')]}; {75: [(10, 'C', 2, 'COC(C)=O')], 80: [(3, 'C', 0, ''), (4, 'C', 0, '')], 114: [(5, 'C', 0, '')], 135: [(7, 'C', 2, 'C=CC(C)(C)O')], 193: [(9, 'O', 2, 'CC(=O)OC(C)(C)C')], 231: [(9, 'O', 1, 'COC')], 392: [(6, 'C', 1, 'CC')], 401: [(3, 'C', 1, 'CCC')], 479: [(2, 'C', 1, 'C=CC')], 650: [(11, 'O', 0, '')], 694: [(2, 'C', 0, ''), (7, 'C', 0, '')], 695: [(9, 'O', 0, '')], 807: [(1, 'C', 0, ''), (10, 'C', 0, '')], 1017: [(0, 'C', 1, 'CC'), (12, 'C', 1, 'CC'), (13, 'C', 1, 'CC')], 1035: [(10, 'C', 1, 'CC(=O)O')], 1057: [(0, 'C', 0, ''), (6, 'C', 0, ''), (12, 'C', 0, ''), (13, 'C', 0, '')], 1125: [(3, 'C', 2, 'C=CCCC')], 1180: [(4, 'C', 2, 'CCCC(C)(C)O')], 1257: [(1, 'C', 1, 'C=C(C)C')], 1308: [(4, 'C', 1, 'CCC')], 1366: [(8, 'C', 0, '')], 1485: [(7, 'C', 1, 'C=CC')], 1574: [(2, 'C', 2, 'CCC=C(C)C')], 1582: [(1, 'C', 2, 'CC=C(C)C')], 1645: [(8, 'C', 1, 'C=C')], 1791: [(5, 'C', 2, 'C=CC(C)(CC)OC')], 1917: [(11, 'O', 1, 'C=O')], 1929: [(5, 'C', 1, 'CC(C)(C)O')]}"
