Chemical Name,SMILES
Limonene,CC(=C)C1CCC(C)=CC1
beta-Pinene,CC1(C)C2CC1C(=C)CC2
Bornyl acetate,CC(=O)O[C@@H]1C[C@@H]2CC[C@@]1(C)C2(C)C
Camphene,CC1(C)C2CCC(C2)C1=C
Santene,CC1=C(C)C2CCC1C2
alpha-Muurolene,CC(C)C1CC=C(C)C2CCC(C)=CC12
beta-Caryophyllene,C\C1=C\CCC(=C)C2CC(C)(C)C2CC1
Longifolene,CC12CCCC(C)(C)C3C(CCC13)C2=C
beta-Selinene,CC(=C)C1CCC2(C)CCCC(=C)C2C1
beta-Cadinene,CC(C)C1CC=C(C)C2CC=C(C)CC12
Calamene,NC1=NC=NC2=C1N=C(Cl)N2C1OC(CO)C(O)C1O
alpha-Humulene,C\C1=C\CC(C)(C)\C=C/C\C(C)=C/CC1
Cadinene (unknown isomer),CC(C)C1CCC(C)C2CCC(C)CC12
Terpinolene,CC(C)=C1CCC(C)=CC1
beta-Phellandrene,CC(C)C1CCC(=C)C=C1
alpha-Terpinyl acetate,CC(=O)OC(C)(C)C1CCC(C)=CC1
beta-Himachalene,CC1=CC2C(CC1)=C(C)CCCC2(C)C
beta-Bisabolene (tent.),CC(C)=CCCC(=C)C1CCC(C)=CC1
Sabinene,[H][C@](COC(=O)CCCCCCC\C=C/CCCCCC)(COC(=O)CCCCCC\C=C/C\C=C/C\C=C/CCCCC)OC(=O)CCCCCCCCC\C=C/C\C=C/CCCCC
alpha-Terpineol,CC1=CCC(CC1)C(C)(C)O
Linalool,CC(C)=CCCC(C)(O)C=C
Piperitone,CC(C)C1CCC(C)=CC1=O
gamma-Terpinene,CC(C)C1=CCC(C)=CC1
Camphor,[H][C@@](COC(=O)CCCCC\C=C/C\C=C/C\C=C/C\C=C/CCCCC)(COP([O-])(=O)OCC[N+](C)(C)C)OC(=O)CCCCCCCCCCC
Bornylene,CC1(C)C2CCC1(C)C=C2
Fenchyl acetate,CC(=O)OC1C2(C)CCC(C2)C1(C)C
beta-Bisabolene,CC(C)=CCCC(=C)C1CCC(C)=CC1
Geraniol,CC(C)=CCC\C(C)=C\CO
alpha-Copaene,[H][C@@]12C3C(C)=CC[C@]1([H])[C@]3(C)CC[C@H]2C(C)C
alpha-Ylangene,[H][C@]12C3C(C)=CC[C@@]1([H])[C@]3(C)CC[C@H]2C(C)C
Citronellol,CC(CCO)CCC=C(C)C
Benzaldehyde,O=CC1=CC=CC=C1
Benzyl alcohol,OCC1=CC=CC=C1
Nerol,CC(C)=CCC\C(C)=C/CO
(-)-Isopulegol,C[C@@H]1CC[C@H]([C@H](O)C1)C(C)=C
Citronellal,CC(CCC=C(C)C)CC=O
"1,8-Cineole",CC12CCC(CC1)C(C)(C)O2
cis-Sabinene hydrate,CC(C)[C@@]12C[C@@H]1[C@](C)(O)CC2
delta-Terpineol,CC(C)(O)C1CCC(=C)CC1
Spathulenol,CC1(C)C2CCC(=C)C3CCC(C)(O)C3C12
Myrtenal,CC1(C)C2CC1C(C=O)=CC2
Pinocarvone,CC1(C)C2CC1C(=C)C(=O)C2
beta-Eudesmol,CC(C)(O)[C@@H]1CC[C@@]2(C)CCCC(=C)[C@@H]2C1
trans-Carveol,CC(=C)C1CC=C(C)C(O)C1
Cuminaldehyde,[H]C(=O)C1=CC=C(C=C1)C(C)C
Hexanal,CCCCCC=O
Eugenol,COC1=C(O)C=CC(CC=C)=C1
trans-beta-Terpineol,CC(=C)[C@H]1CC[C@@](C)(O)CC1
Germacrene D,CC(C)[C@@H]1CC\C(C)=C\CCC(=C)\C=C\1
beta-Farnesene,CC(C)=CCC\C(C)=C/CCC(=C)C=C
Neryl acetate,CC(C)=CCC\C(C)=C/COC(C)=O
alpha-Guaiene,CC1CCC2=C1CC(CCC2C)C(C)=C
gamma-Gurjunene,CC1CCC2C(C)CCC(C=C12)C(C)=C
Perillyl acetate,CC(=O)OCC1=CCC(CC1)C(C)=C
Elemene (unknown isomer),CC(=C)C1CCC(C)(C=C)C(C1)C(C)=C
Cinnamyl acetate,CC(=O)OC\C=C/C1=CC=CC=C1
Nerolidol (unknown isomer),CC(C)=CCCC(C)=CCCC(C)(O)C=C
Benzyl acetate,CC(=O)OCC1=CC=CC=C1
4-Thujanol,CC(C)C12CC1C(C)(O)CC2
Isocaryophyllene,[H][C@](COC(=O)CCCCCCCCCCCC)(COC(=O)CCCCCCCCCCCCCCCCCCCCC)OC(=O)CCCC\C=C/C\C=C/C\C=C/C\C=C/CC
beta-Cubebene,CC(C)[C@@H]1CC[C@@H](C)[C@@]23CCC(=C)[C@@H]2[C@@H]13
gamma-Elemene,CC(C)=C1CC[C@@](C)(C=C)[C@@H](C1)C(C)=C
delta-Elemene,CC(C)C1=CC(C(C)=C)C(C)(CC1)C=C
Germacrene (unknown isomer),CC(C)=C1CC\C(C)=C\CC\C(C)=C\C1
alpha-Gurjunene,CC1CCC2C(C3=C(C)CCC13)C2(C)C
gamma-Muurolene,CC(C)C1CCC(=C)C2CCC(C)=CC12
beta-Elemene,CC(=C)[C@@H]1CC[C@@](C)(C=C)[C@@H](C1)C(C)=C
T-Muurolol,[H][C@@]12C=C(C)CC[C@]1([H])[C@@](C)(O)CC[C@H]2C(C)C
alpha-Cadinol,CC(C)C1CCC(C)(O)C2CCC(C)=CC12
Fenchone,CC1(C)C2CCC(C)(C2)C1=O
"Cadina-1,4-diene",CC(C)C1CC[C@H](C)C2=CCC(C)=CC12
delta-Cadinol,[H][C@@]1(CC=C(C)C2([H])CCC(C)(O)CC12[H])C(C)C
Pinocarveol,CC1(C)C2CC1C(=C)C(O)C2
Verbenone,CC1=CC(=O)C2CC1C2(C)C
beta-Chamigrene,CC1=CCC2(CC1)C(=C)CCCC2(C)C
alpha-Farnesene,CC(C)=CCC\C(C)=C/C\C=C(/C)C=C
Carvone,CC(=C)C1CC=C(C)C(=O)C1
cis-Carveol,CC(=C)C1CC=C(C)C(O)C1
alpha-Selinene,CC(=C)C1CCC2(C)CCC=C(C)C2C1
Perillene,CC(C)=CCCC1=COC=C1
Nonanal,CCCCCCCCC=O
"trans-p-Mentha-2,8-dien-1-ol",[H][C@@]1(CC[C@](C)(O)C=C1)C(C)=C
cis-p-Menth-2-en-1-ol,CC(C)[C@H]1CC[C@](C)(O)C=C1
Bornyl isovalerate,CC(C)CC(=O)O[C@@H]1C[C@@H]2CC[C@@]1(C)C2(C)C
cis-Carvyl acetate,CC(=O)O[C@H]1C[C@H](CC=C1C)C(C)=C
trans-Carvyl acetate,CC(=O)O[C@H]1C[C@@H](CC=C1C)C(C)=C
Octanal,CCCCCCCC=O
"(Z,E)-alpha-Farnesene",CC(C)=CCC\C(C)=C\C\C=C(\C)C=C
Isochavibetol,COC1=C(O)C=C(\C=C/C)C=C1
Safrole,C=CCC1=CC2=C(OCO2)C=C1
Linalyl acetate,CC(C)=CCCC(C)(OC(C)=O)C=C
alpha-Cubebene,CC(C)C1CCC(C)C23CC=C(C)C2C13
Bornyl butyrate,CCCC(=O)OC1CC2CCC1(C)C2(C)C
Cadinol (unknown isomer),CC(C)[C@@H]1CC[C@@](C)(O)C2CCC(C)=CC12
Santolinatriene,[H][C@](COC(=O)CCCCCCCCCCCCCCCCC)(COC(=O)CCC\C=C/C\C=C/C\C=C/C\C=C/C\C=C/CC)OC(=O)CCCCCCC\C=C/CCCCCCCC
Isobornyl propionate,CCC(=O)OC1CC2CCC1(C)C2(C)C
Ledol,CC1CCC2C1C1C(CCC2(C)O)C1(C)C
Guaiol,CC1CCC2=C1CC(CCC2C)C(C)(C)O
Vanillin,COC1=CC(C=O)=CC=C1O
Ethanol,CCO
Ethyl acetate,CCOC(C)=O
Acetaldehyde,CC=O
Vetiverol,C[C@@H]1CC(O)C=C(C)[C@@]11CCC(C1)=C(C)C
"1,1-Diethoxyethane",CCOC(C)OCC
"2,4-Hexadienal",C\C=C\C=C/C=O
Decanal,CCCCCCCCCC=O
Undecanal,CCCCCCCCCCC=O
Vulgarol,OC1=C(C2=CC=CC=C2)C(=O)C(O)=C(C2=CC=CC=C2)C1=O
Isoborneol,CC1(C)[C@@H]2CC[C@@]1(C)[C@H](O)C2
Geranial,CC(C)=CCC\C(C)=C\C=O
Isopiperitenone,CC(=C)C1CCC(C)=CC1=O
gamma-Himachalene,CC1=CC2C(CC1)C(C)=CCCC2(C)C
Artemisia ketone,CC(C)=CC(=O)C(C)(C)C=C
alpha-Himachalene,CC1=CC2C(CC1)C(=C)CCCC2(C)C
Farnesol (unknown isomer),CC(C)=CCC\C(C)=C\CC\C(C)=C\CO
beta-Bisabolol,C[C@@H](CCC=C(C)C)[C@]1(O)CCC(C)=CC1
cis-Sesquisabinene hydrate,CC(CCC=C(C)C)[C@]12CC1[C@](C)(O)CC2
Cadalene,CC(C)C1=C2C=C(C)C=CC2=C(C)C=C1
alpha-Cedrene,[H][C@@]12CC[C@@H](C)[C@]11C[C@@H](C(C)=CC1)C2(C)C
Neral,CC(C)=CCC\C(C)=C/C=O
Geranylacetone,CC(C)=CCC\C(C)=C/CCC(C)=O
Anethole,COC1=CC=C(\C=C/C)C=C1
Vitispirane,CC1CCC2(O1)C(=C)C=CCC2(C)C
beta-Bourbonene,CC(C)C1CCC2(C)C3CCC(=C)C3C12
Citronellyl acetate,C[C@@H](CCOC(C)=O)CCC=C(C)C
epsilon-Cadinene,CC(C)C1CCC(=C)C2CCC(=C)CC12
alpha-Bergamotene,CC(C)=CCCC1(C)[C@H]2C[C@@H]1C(C)=CC2
Zingiberene,CC(CCC=C(C)C)C1CC=C(C)C=C1
Pentadecane,CCCCCCCCCCCCCCC
Undecane,CCCCCCCCCCC
Chavicol,OC1=CC=C(CC=C)C=C1
1-Hexanol,CCCCCCO
Bicyclogermacrene,C\C1=C\CC\C(C)=C/C2C(CC1)C2(C)C
1-Octanol,CCCCCCCCO
Benzyl benzoate,O=C(OCC1=CC=CC=C1)C1=CC=CC=C1
Methyl cinnamate,COC(=O)\C=C/C1=CC=CC=C1
Bulnesol,CC1CCC2=C(C)CCC(CC12)C(C)(C)O
Benzyl formate,O=COCC1=CC=CC=C1
gamma-Eudesmol,CC1=C2CC(CCC2(C)CCC1)C(C)(C)O
alpha-Fenchyl acetate,CC(=O)OC1C2(C)CCC(C2)C1(C)C
3-Octanol,CCCCCC(O)CC
Decyl acetate,CCCCCCCCCCOC(C)=O
Nonyl acetate,CCCCCCCCCOC(C)=O
Hexyl acetate,CCCCCCOC(C)=O
1-Decanol,CCCCCCCCCCO
beta-Sesquiphellandrene,CC(CCC=C(C)C)C1CCC(=C)C=C1
Hotrienol,CC(=C)\C=C/CC(C)(O)C=C
1-Nonanol,CCCCCCCCCO
1-Pentanol,CCCCCO
p-Menth-1-en-9-ol,CC(CO)C1CCC(C)=CC1
Humulene epoxide II,C\C1=C\CC(C)(C)\C=C/CC2(C)OC2CC1
beta-Santalene,CC(C)=CCCC1(C)C2CCC(C2)C1=C
alpha-Santalene,CC(C)=CCCC1(C)C2CC3C(C2)C13C
Esters (unknown structure),[H][C@@](C)(CCCC(C)C)[C@@]1([H])CC[C@@]2([H])[C@]3([H])CC=C4C[C@]([H])(CC[C@]4(C)[C@@]3([H])CC[C@]12C)OC=O
Linalyl propionate,CCC(=O)OC(C)(CCC=C(C)C)C=C
Citronellyl formate,CC(CCOC=O)CCC=C(C)C
Butyl acetate,CCCCCC(O)=O
"1,4-Cineole",CC(C)C12CCC(C)(CC1)O2
2-Nonanone,CCCCCCCC(C)=O
Naphthalene,C1=CC2=CC=CC=C2C=C1
beta-Thujene,CC(C)C12CC1C(C)C=C2
Ferulic acid,[H]\C(=C(/[H])C1=CC(OC)=C(O)C=C1)C(O)=O
3-Methylbutanoic acid,CC(C)CC(O)=O
Hexanoic acid,CCCCCC(O)=O
Eucarvone,CC1=CC=CC(C)(C)CC1=O
Citronellic acid,CC(CCC=C(C)C)CC(O)=O
trans-Rose oxide,CC1CCOC(C1)C=C(C)C
2-Phenylethanol,OCCC1=CC=CC=C1
"p-Mentha-1,8-dien-4-ol",CC(=C)C1(O)CCC(C)=CC1
2-Undecanone,CCCCCCCCCC(C)=O
2-Phenylethyl acetate,CC(=O)OCCC1=CC=CC=C1
Phenol,OC1=CC=CC=C1
Pentanoic acid,CCCCC(O)=O
Ethyl hexadecanoate,CCCCCCCCCCCCCCCC(=O)OCC
Octanoic acid,CCCCCCCC(O)=O
4-Vinylphenol,OC1=CC=C(C=C)C=C1
Heptanoic acid,CCCCCCC(O)=O
Ascaridole,CC(C)C12CCC(C)(OO1)C=C2
Coumarin,O=C1OC2=CC=CC=C2C=C1
2-Heptanone,CCCCCC(C)=O
2-Decanone,CCCCCCCCC(C)=O
2-Tridecanone,CCCCCCCCCCCC(C)=O
2-Octanone,CCCCCCC(C)=O
Nootkatone,CC1CC(=O)C=C2CCC(CC12C)C(C)=C
Valencene,CC1CCC=C2CCC(CC12C)C(C)=C
Octyl acetate,CCCCCCCCOC(C)=O
Myristicin,COC1=CC(CC=C)=CC2=C1OCO2
Piperitenone,CC(C)=C1CCC(C)=CC1=O
alpha-Elemene (tent.),CC(C)C1=CC(CCC1(C)C=C)=C(C)C
cis-Isopulegone,CC(=C)C1CCC(CO)CC1
Piperitone oxide,CC(C)C1CCC2(C)OC2C1=O
Cedrol,CC1CCC2C(C)(C)C3CC12CCC3(C)O
Acorenone,CC(C)C1CCC(C)C11CC=C(C)C(=O)C1
beta-Gurjunene,C[C@@H]1CC[C@@H]2[C@H]([C@H]3[C@@H]1CCC3=C)C2(C)C
Isoshyobunone,CC(C)C1CCC(C)(C=C)C(=C(C)C)C1=O
Calamusenone,CC1CCC2=C1CC(=C(C)C)C(=O)CC2C
(Z)-Methyl isoeugenol,COC1=C(OC)C=C(\C=C/C)C=C1
Cinnamyl alcohol,OCC=CC1=CC=CC=C1
Phenylacetaldehyde,O=CCC1=CC=CC=C1
beta-Copaene,[H][C@@]12C3C(=C)CC[C@]1([H])[C@]3(C)CC[C@H]2C(C)C
trans-Dihydrocarvone,C[C@@H]1CC[C@H](CC1=O)C(C)=C
cis-Dihydrocarvone,C[C@@H]1CC[C@@H](CC1=O)C(C)=C
Neodihydrocarveol,C[C@@H]1CC[C@H](C[C@@H]1O)C(C)=C
Dihydrocarveol,CC1CCC(CC1O)C(C)=C
Neoisodihydrocarveol,C[C@H]1CC[C@H](C[C@H]1O)C(C)=C
Isodihydrocarveol,CC1CCC(CC1O)C(C)=C
Germacrene B,CC(C)=C1CC\C(C)=C/CC\C(C)=C/C1
Germacrene A,CC(=C)[C@H]1CC\C(C)=C/CC\C(C)=C/C1
(E)-2-Decenal,CCCCCCC\C=C\C=O
(Z)-4-Decenal,CCCCC\C=C/CCC=O
Farnesal (unknown isomer),CC(C)=CCC\C(C)=C\CC\C(C)=C\C=O
2-Methylbutanal,CCC(C)C=O
3-Methylbutanal,CC(C)CC=O
Geranyl propionate,CCC(=O)OC\C=C(\C)CCC=C(C)C
Carotol,CC(C)C1CCC2(C)CC=C(C)CCC12O
2-Nonenal,CCCCCC\C=C/C=O
Daucene,CC(C)C1=C2CCC(C)=CCC2(C)CC1
Elemicin,COC1=CC(CC=C)=CC(OC)=C1OC
Heptanal,CCCCCCC=O
Phellandral,CC(C)C1CCC(C=O)=CC1
Daucol,CC(C)C1CCC2(C)CC(O)C3(C)CCC12O3
trans-p-Menth-2-en-1-ol,CC(C)[C@H]1CC[C@@](C)(O)C=C1
Acetone,CC(C)=O
Toluene,CC1=CC=CC=C1
Benzene,C1=CC=CC=C1
Formic acid,OC=O
Methyl benzoate,COC(=O)C1=CC=CC=C1
Methyl salicylate,COC(=O)C1=CC=CC=C1O
Nonadecane,CCCCCCCCCCCCCCCCCCC
(Z)-3-Nonen-1-ol,CCCCC\C=C/CCO
"2,2,6-Trimethylcyclohexanone",CC1CCCC(C)(C)C1=O
beta-Cyclocitral,CC1=C(C=O)C(C)(C)CCC1
Tridecane,CCCCCCCCCCCCC
Methylcyclohexane,CC1CCCCC1
(E)-2-Nonenal,CCCCCC\C=C/C=O
Ethyl salicylate,CCOC(=O)C1=C(O)C=CC=C1
Octadecane,CCCCCCCCCCCCCCCCCC
Octane,CCCCCCCC
Dibutyl phthalate,CCCCOC(=O)C1=CC=CC=C1C(=O)OCCCC
Carveol (unknown isomer),CC(=C)C1CC=C(C)C(O)C1
Ethyl 2-methylbutyrate,CCOC(=O)C(C)CC
Thujyl alcohol,CC(C)C12CC1C(C)C(O)C2
beta-Fenchene,CC1(C)CC2CC1CC2=C
gamma-Terpineol,CC(C)=C1CCC(C)(O)CC1
Dihydrocarvone,CC1CCC(CC1=O)C(C)=C
Ligustilide,CCC\C=C1\OC(=O)C2=C1CCC=C2
3-Methyl-4-ethylhexane,CCC(C)C(CC)CC
alpha-Bisabolol oxide A,CC1=CCC(CC1)C1(C)CCC(O)C(C)(C)O1
alpha-Bisabolol oxide B,CC1=CCC(CC1)C1(C)CCC(O1)C(C)(C)O
Isobutyl angelate,C\C=C(\C)C(=O)OCC(C)C
1-Nonen-3-ol,CCCCCCC(O)C=C
Propyl angelate,CCCOC(=O)C(\C)=C/C
Isobutyl isobutyrate,CC(C)COC(=O)C(C)C
2-Methylbutyl acetate,CCC(C)COC(C)=O
Butyl angelate,CCCCOC(=O)C(\C)=C\C
Prenyl isobutyrate,CC(C)C(=O)OCC=C(C)C
Prenyl acetate,CC(C)=CCOC(C)=O
Ethyl cinnamate,CCOC(=O)\C=C/C1=CC=CC=C1
Acetophenone,CC(=O)C1=CC=CC=C1
alpha-Cadinene,[H][C@@]12CCC(C)=C[C@@]1([H])[C@@H](CC=C2C)C(C)C
Bourbonene (unknown structure),[H][C@]12C(=C)CC[C@@]1([H])[C@]1(C)CC[C@@]([H])(C(C)C)[C@]21[H]
Citronellyl butyrate,CCCC(=O)OCCC(C)CCC=C(C)C
Benzoic acid,OC(=O)C1=CC=CC=C1
10-epi-gamma-Eudesmol,[H][C@]1(CC[C@]2(C)CCCC(C)=C2C1)C(C)(C)O
Isospathulenol,CC1=C2CCC(C)(O)C2C2C(CC1)C2(C)C
Heptyl acetate,CCCCCCCOC(C)=O
2-Nonanol,CCCCCCCC(C)O
trans-beta-Sesquiphellandrol,CC(CCC=C(C)C)C1CC(O)C(=C)C=C1
Nonane,CCCCCCCCC
Viridiflorene,CC1CCC2=C(C)CCC3C(C12)C3(C)C
beta-Ylangene,[H][C@]12C3C(=C)CC[C@@]1([H])[C@]3(C)CC[C@H]2C(C)C
alpha-Sinensal,C\C(CC\C=C(\C)C=O)=C/C\C=C(\C)C=C
"p-Mentha-1,3-dien-7-al",CC(C)C1=CC=C(CC1)C=O
"p-Mentha-1,4-dien-7-al",CC(C)C1=CCC(C=O)=CC1
Carvotanacetone,CC(C)C1CC=C(C)C(=O)C1
"3,4-Dimethoxybenzaldehyde",COC1=C(OC)C=C(C=O)C=C1
Thujopsene,CC1=CCC2(C)CCCC(C)(C)C22CC12
beta-Cedrene,[H][C@@]12CC[C@@H](C)[C@]11C[C@@H](C(=C)CC1)C2(C)C
Manoyl oxide,CC1(C)CCC[C@]2(C)[C@@H]1CC[C@]1(C)O[C@](C)(CC[C@@H]21)C=C
Apiole,COC1=C2OCOC2=C(OC)C(CC=C)=C1
Dill ether,[H][C@@]12OC[C@@H](C)[C@]1([H])CCC(C)=C2
Neophytadiene,CC(C)CCCC(C)CCCC(C)CCCC(=C)C=C
Nerol oxide,CC(C)=CC1CC(C)=CCO1
Isopropylcyclohexane,CC(C)C1CCCCC1
p-Menthane,CC(C)C1CCC(C)CC1
Palustrol,CC1CCC2(O)C1C1C(CCC2C)C1(C)C
Globulol,CC1CCC2C1C1C(CCC2(C)O)C1(C)C
Viridiflorol,CC1CCC2C1C1C(CCC2(C)O)C1(C)C
alpha-Bulnesene,CC1CCC2=C(C)CCC(CC12)C(C)=C
Fenchol,CC1(C)C2CCC(C)(C2)C1O
Verbenol (unknown isomer),CC1=CC(O)C2CC1C2(C)C
Menthofuran,CC1CCC2=C(C1)OC=C2C
beta-Sinensal,C\C(CC\C=C(\C)C=O)=C/CCC(=C)C=C
Calamenene,CC(C)C1CCC(C)C2=CC=C(C)C=C12
Eremophilene,CC1CCC=C2CCC(CC12C)C(C)=C
alpha-Curcumene,CC(CCC=C)C1=CC=C(C)C=C1
p-Ethylacetophenone,CCC1=CC=C(C=C1)C(C)=O
1-Penten-3-ol,CCC(O)C=C
(Z)-3-Hexenal,CC\C=C/CC=O
Methyl tetradecanoate,CCCCCCCCCCCCCC(=O)OC
alpha-Eudesmol,CC1=CCC[C@]2(C)CC[C@H](CC12)C(C)(C)O
Methyl anthranilate,COC(=O)C1=CC=CC=C1N
Phytol,CC(C)CCC[C@@H](C)CCC[C@@H](C)CCC\C(C)=C\CO
Ethyl oleate,CCCCCCCC\C=C\CCCCCCCC(=O)OCC
beta-Terpineol,CC(=C)C1CCC(C)(O)CC1
Ethyl hexanoate,CCCCCC(=O)OCC
Methyl linoleate,CCCCC\C=C/C\C=C\CCCCCCCC(=O)OC
Oleic acid,CCCCCCCC\C=C\CCCCCCCC(O)=O
Decanoic acid,CCCCCCCCCC(O)=O
Ethyl tetradecanoate,CCCCCCCCCCCCCC(=O)OCC
Dodecanoic acid,CCCCCCCCCCCC(O)=O
Ethyl dodecanoate,CCCCCCCCCCCC(=O)OCC
2-Pentadecanone,CCCCCCCCCCCCCC(C)=O
Ethyl pentadecanoate,CCCCCCCCCCCCCCC(=O)OCC
Ethyl formate,CCOC=O
Ethyl phenylacetate,CCOC(=O)CC1=CC=CC=C1
"1,1-Diethoxypentane",CCCCC(OCC)OCC
Hexyl butyrate,CCCCCCOC(=O)CCC
Citronellyl propionate,CCC(=O)OCCC(C)CCC=C(C)C
Geranyl butyrate,CCCC(=O)OC\C=C(\C)CCC=C(C)C
Geranyl tiglate,C\C=C(/C)C(=O)OC\C=C(/C)CCC=C(C)C
Neryl formate,CC(C)=CCC\C(C)=C/COC=O
Geranyl 2-methylbutyrate,CCC(C)C(=O)OC\C=C(/C)CCC=C(C)C
Geranyl hexanoate,CCCCCC(=O)OC\C=C(\C)CCC=C(C)C
2-Hexanone,CCCCC(C)=O
Zingiberenol,CC(CCC=C(C)C)C1CCC(C)(O)C=C1
alpha-Elemene,CC(C)C1=CC(CCC1(C)C=C)=C(C)C
beta-Guaiene,CC1CCC2=C1CC(CCC2C)=C(C)C
Cyclohexane,C1CCCCC1
Xanthorrhizol,CC(CCC=C(C)C)C1=CC(O)=C(C)C=C1
2-Undecanol,CCCCCCCCCC(C)O
Ethyl butyrate,CCCC(=O)OCC
Carvyl acetate,CC(=O)OC1CC(CC=C1C)C(C)=C
Italicene ether,CC1CCC2C(C)(C)OC3C=C(C)CCC123
beta-Caryophyllene alcohol,CC1(C)CC2C1CCC1(C)CCCC2(O)C1
3-Phenylpropanal,O=CCCC1=CC=CC=C1
Myrtenyl methyl ether,COCC1=CCC2CC1C2(C)C
Nonanoic acid,CCCCCCCCC(O)=O
Hexadecane,CCCCCCCCCCCCCCCC
gamma-Selinene,CC(C)=C1CCC2(C)CCCC(=C)C2C1
"6-Methyl-3,5-heptadien-2-one",CC(C)=C\C=C/C(C)=O
Octyl propanoate,CCCCCCCCOC(=O)CC
Butyl butyrate,CCCCOC(=O)CCC
Hexyl hexanoate,CCCCCCOC(=O)CCCCC
Tetradecanal,CCCCCCCCCCCCCC=O
Pentadecanal,CCCCCCCCCCCCCCC=O
Pentanal,CCCCC=O
Tridecanal,CCCCCCCCCCCCC=O
Safranal,CC1=C(C=O)C(C)(C)CC=C1
2-Methylbutanoic acid,CCC(C)C(O)=O
"1,4-Dimethoxybenzene",COC1=CC=C(OC)C=C1
Guaiene (unknown isomer),[H][C@](COC(=O)CCCCCCCCCCCCCC)(COC(=O)CCCC\C=C/C\C=C/C\C=C/C\C=C/CC)OC(=O)CCCCCCCCCCCCCCCCC
Isoeugenol,COC1=CC(\C=C\C)=CC=C1O
cis-Sabinene hydrate acetate,[H]C12C[C@@]1(CC[C@@]2(C)OC(C)=O)C(C)C
Ethyl benzoate,CCOC(=O)C1=CC=CC=C1
Benzyl salicylate,OC1=C(C=CC=C1)C(=O)OCC1=CC=CC=C1
"1,2-Dimethoxybenzene",COC1=CC=CC=C1OC
3-Nonen-2-one,CCCCC\C=C/C(C)=O
Styrene,C=CC1=CC=CC=C1
Pentyl pentanoate,CCCCCOC(=O)CCCC
(-)-Menthol,CC(C)[C@@H]1CC[C@@H](C)C[C@H]1O
(+)-Pulegone,C[C@@H]1CCC(=C(C)C)C(=O)C1
(+)-Neomenthol,CC(C)[C@@H]1CC[C@@H](C)C[C@@H]1O
4-Hydroxypiperitone,CC(C)C1CC(O)C(C)CC1=O
Hexyl 3-methylbutanoate,CCCCCCOC(=O)CC(C)C
2-Decenal,CCCCCCC\C=C\C=O
2-Butanol,CCC(C)O
3-Pentanol,CCC(O)CC
4-Methyl-2-pentanone,CC(C)CC(C)=O
3-Methyl-2-butenal,CC(C)=CC=O
2-Methylfuran,CC1=CC=CO1
"5,5-Dimethyl-2(5H)-furanone",CC1(C)OC(=O)C=C1
Methyl butyrate,CCCC(=O)OC
Dimethyl malonate,COC(=O)CC(=O)OC
1-Dodecanol,CCCCCCCCCCCCO
"(E,E)-2,4-Heptadienal",[H]\C(CC)=C(\[H])/C(/[H])=C(\[H])C=O
3-Hexanol,CCCC(O)CC
2-Hexanol,CCCCC(C)O
Ethyl octanoate,CCCCCCCC(=O)OCC
Benzyl tiglate,C\C=C(\C)C(=O)OCC1=CC=CC=C1
Lilac alcohol (isomers),CC(CO)C1CCC(C)(O1)C=C
Ethyl heptanoate,CCCCCCC(=O)OCC
Ethyl nonanoate,CCCCCCCCC(=O)OCC
1-Heptanol,CCCCCCCO
Heptadecanal,CCCCCCCCCCCCCCCCC=O
Pentyl benzoate,CCCCCOC(=O)C1=CC=CC=C1
2-Hexadecanone,CCCCCCCCCCCCCCC(C)=O
2-Phenylethyl formate,O=COCCC1=CC=CC=C1
Indole,C1C=NC2=C1C=CC=C2.N1C=CC2=C1C=CC=C2
Thymoquinone,CC(C)C1=CC(=O)C(C)=CC1=O
Butyl propyl disulfide,CCCCSSCCC
2-Heptenal,CCCC\C=C\C=O
Dipropyl disulfide,CCCSSCCC
Isomyristicin,COC1=C2OCOC2=CC(\C=C\C)=C1
(Z)-Isoeugenol,[H]\C(C)=C(/[H])C1=CC(OC)=C(O)C=C1
2-Dodecanone,CCCCCCCCCCC(C)=O
Meranzin,COC1=C(CC2OC2(C)C)C2=C(C=CC(=O)O2)C=C1
Osthol,COC1=CC=C2C=CC(=O)OC2=C1CC=C(C)C
Methanol,CO
Phellandrene (unknown structure),CC(C)C1CC=C(C)C=C1
Pentyl hexanoate,CCCCCOC(=O)CCCCC
Hexadecatrienoic acid (+ ethyl ester),CCCCCCCCCC=CC=CC=CC(O)=O
delta-Patchoulene  (&-alpha),CC1CC=C2C1CC1CCC2(C)C1(C)C
Benzyl benzoate (adulteration),O=C(OCC1=CC=CC=C1)C1=CC=CC=C1
(+)-Isomenthone,CC(C)[C@@H]1CC[C@H](C)CC1=O
(+)-Neoisomenthol,CC(C)[C@H]1CC[C@@H](C)C[C@H]1O
alpha-Amorphene,CC(C)[C@H]1CC=C(C)[C@H]2CCC(C)=C[C@@H]12
Patchouli alcohol,C[C@H]1CCC2(O)C(C)(C)C3CC[C@@]2(C)C1C3
2-Ethylfuran,CCC1=CC=CO1
Caryophyllene alcohol,[H][C@]12CC(C)(C)[C@]1([H])CC[C@]1(C)CCC[C@@]2(O)C1
beta-Humulene,C\C1=C\CC(C)(C)\C=C/CC(=C)CCC1
Pregeijerene,C\C1=C\CC\C(C)=C/C=C\CC1
beta-Bergamotene,CC(C)=CCCC1(C)[C@H]2C[C@@H]1C(=C)CC2
beta-Bulnesene,CC1CCC2=C(C)CCC(CC12)=C(C)C
Calamenene (unknown isomer),CC(C)C1CCC(C)C2=CC=C(C)C=C12
Bicycloelemene,CC(=C)C1C2C(CCC1(C)C=C)C2(C)C
Isoamyl butyrate,CCCC(=O)OCCC(C)C
Valerianol,CC1CCC=C2CCC(CC12C)C(C)(C)O
cis-Sabinol,CC(C)[C@@]12C[C@@H]1C(=C)[C@H](O)C2
Artemisiatriene,CC(=C)\C=C\C(C)(C)C=C
Methyl citronellate,COC(=O)CC(C)CCC=C(C)C
Methyl nonanoate,CCCCCCCCC(=O)OC
Intermedeol,CC(=C)C1CCC2(C)CCCC(C)(O)C2C1
beta-Patchoulene,CC1CCC2=C1CC1CCC2(C)C1(C)C
1-Undecanol,CCCCCCCCCCCO
beta-Terpinene,CC(C)C1=CCC(=C)CC1
epsilon-Muurolene,CC(C)C1CCC(=C)C2CCC(=C)CC12
cis-beta-Terpineol,CC(=C)[C@H]1CC[C@](C)(O)CC1
Ocimenol,[H]\C(CCC(C)(C)O)=C(\C)C=C
Alkanes,C.CCCC
2-Methyl-2-butanol,CCC(C)(C)O
1-Pentadecanol,CCCCCCCCCCCCCCCO
Benzothiazole,S1C=NC2=CC=CC=C12
Methyl decanoate,CCCCCCCCCC(=O)OC
Methyl heptanoate,CCCCCCC(=O)OC
2-Octene,CCCCCC=CC
Dipropyl trisulfide,CCCSSSCCC
2-Methyl-2-pentenal,CC\C=C(\C)C=O
Heptacosane,CCCCCCCCCCCCCCCCCCCCCCCCCCC
Octacosane,CCCCCCCCCCCCCCCCCCCCCCCCCCCC
Hexacosane,CCCCCCCCCCCCCCCCCCCCCCCCCC
Tridecanol,CCCCCCCCCCCCCO
2-Ethylhexanoic acid,CCCCC(CC)C(O)=O
2-Hexenal,CCCC=CC=O
3-Hexenal,CCC=CCC=O
3-Nonanol,CCCCCCC(O)CC
"(E,E)-2,4-Hexadienal",C\C=C\C=C/C=O
3-Nonanone,CCCCCCC(=O)CC
2-Propylfuran,CCCC1=CC=CO1
Azulene,C1=CC2=CC=CC=CC2=C1
1-Methylnaphthalene,CC1=CC=CC2=CC=CC=C12
2-Methylnaphthalene,CC1=CC=C2C=CC=CC2=C1
Methyl 2-methoxybenzoate,COC(=O)C1=CC=CC=C1OC
2-Nonyl acetate,CCCCCCCC(C)OC(C)=O
"4-(3,4-Methylenedioxyphenyl)-2-butanone",CC(=O)CCC1=CC2=C(OCO2)C=C1
2-Octyl acetate,CCCCCCC(C)OC(C)=O
2-Heptyl acetate,CCCCCC(C)OC(C)=O
Pentadecenoic acid,CCCCCCCCCCCCC=CC(O)=O
cis-beta-Bergamotene,CC(C)=CCC[C@]1(C)[C@H]2C[C@@H]1C(=C)CC2
Ethyl decanoate,CCCCCCCCCC(=O)OCC
"2,3-Dihydrobenzofuran",[H]C1=C([H])C([H])=C2C(OC([H])([H])C2([H])[H])=C1[H]
Manool,CC(O)(CC[C@H]1C(=C)CC[C@H]2C(C)(C)CCC[C@]12C)C=C
Pulegol,CC1CCC(C(O)C1)=C(C)C
1-Nonene,CCCCCCCC=C
Prenol,CC(C)=CCO
Isoprene,CC(=C)C=C
Myrcenol,CC(C)(O)CCCC(=C)C=C
Cuparene,CC1=CC=C(C=C1)[C@]1(C)CCCC1(C)C
alpha-Ocimene,CC(=C)CCC=C(C)C=C
Hentriacontane,CCCCCCCCCCCCCCCCCCCCCCCCCCCCCCC
Dotriacontane,CCCCCCCCCCCCCCCCCCCCCCCCCCCCCCCC
Tritriacontane,CCCCCCCCCCCCCCCCCCCCCCCCCCCCCCCCC
2-Pentanone,CCCC(C)=O
3-Phenylpropyl acetate,CC(=O)OCCCC1=CC=CC=C1
2-Ethylbutanoic acid,CCC(CC)C(O)=O
Curzerenone,CC(=C)C1C(=O)C2=C(CC1(C)C=C)OC=C2C
Humulene epoxide I,C\C1=C\CCC2(C)OC2CC(C)(C)\C=C/C1
Cascarillone,CC1CCC2(C)C(C)CC(=O)CC2C1(C)CCC1=COC=C1
Cyclosativene,CC(C)[C@H]1CC[C@]2(C)[C@H]3C[C@@H]4[C@H](C13)[C@]24C
Methyl phenylacetate,COC(=O)CC1=CC=CC=C1
Butyl benzoate,CCCCOC(=O)C1=CC=CC=C1
(E)-Isoeugenol,COC1=CC(\C=C\C)=CC=C1O
1-Hexadecene,CCCCCCCCCCCCCCC=C
1-Dodecene,CCCCCCCCCCC=C
Amyl salicylate,CCCCCOC(=O)C1=CC=CC=C1O
Trimethylpyrazine,CC1=NC(C)=C(C)N=C1
Undecanoic acid,CCCCCCCCCCC(O)=O
2-Methylpropanal,CC(C)C=O
Hexyl benzoate,CCCCCCOC(=O)C1=CC=CC=C1
2-Acetylfuran,CC(=O)C1=CC=CO1
3-Octen-2-one,CCCC\C=C\C(C)=O
(E)-2-Octenal,CCCCC\C=C/C=O
1-Phenylethanol,CC(O)C1=CC=CC=C1
Davanone,CC(C1CCC(C)(O1)C=C)C(=O)CC=C(C)C
Ethyl isovalerate,CCOC(=O)CC(C)C
"1,2,4-Trimethylbenzene",CC1=CC(C)=C(C)C=C1
3-Methyl-3-buten-2-one,CC(=C)C(C)=O
Benzyl ethyl ether,CCOCC1=CC=CC=C1
"2,2,4-Trimethylheptane",CCCC(C)CC(C)(C)C
Zingerone,COC1=C(O)C=CC(CCC(C)=O)=C1
(-)-alpha-Bisabolol,[H][C@]1(CCC(C)=CC1)[C@](C)(O)CCC=C(C)C
Benzyl cinnamate,O=C(OCC1=CC=CC=C1)\C=C/C1=CC=CC=C1
Curcumenol,CC1CCC2C(C)=CC3(O)OC12CC3=C(C)C
2-Hexenyl acetate,CCC\C=C\COC(C)=O
Perilla ketone,CC(C)CCC(=O)C1=COC=C1
3-Methyl-2-pentanone,[H][C@](COC(=O)CCCCCCCCCCCC)(COC(=O)CCCCC\C=C/C\C=C/C\C=C/C\C=C/C\C=C/CC)OC(=O)CCCCCCCCCCCCCCCC
5-Methyl-2-hexanone,CC(C)CCC(C)=O
1-Octen-3-one,CCCCCC(=O)C=C
Cinnamyl formate,O=COC\C=C/C1=CC=CC=C1
Maltol,CC1=C(O)C(=O)C=CO1
Nerylacetone,CC(C)=CCC\C(C)=C/CCC(C)=O
1-Tridecene,CCCCCCCCCCCC=C
Diethyl succinate,CCOC(=O)CCC(=O)OCC
gamma-Cadinol,[H][C@@]1(CC[C@](C)(O)C2([H])CC=C(C)CC12[H])C(C)C
alpha-Corocalene,CC(C)C1=C2C=C(C)CCC2=C(C)C=C1
Rosifoliol,CC1CCCC2(C)CCC(C=C12)C(C)(C)O
Bisabolene oxide,CC1CC(OC11CCC(C)=CC1)C=C(C)C
Sesquithujene,CC(CCC=C(C)C)C12CC1C(C)=CC2
Sesquisabinene,CC(CCC=C(C)C)C12CC1C(=C)CC2
Methyl hexanoate,CCCCCC(=O)OC
2-Butylfuran,CCCCC1=CC=CO1
Zerumbone,C\C1=C\CC(C)(C)\C=C\C(=O)\C(C)=C/CC1
(Z)-Ocimenol,[H]OC(C)(C)CC\C=C(\C)C=C
Methyl 3-methylbutanoate,COC(=O)CC(C)C
(E)-2-Undecenal,CCCCCCCC\C=C\C=O
(Z)-2-Nonenal,CCCCCC\C=C/C=O
Isopropyl benzoate,CC(C)OC(=O)C1=CC=CC=C1
3-Methylbenzaldehyde,CC1=CC(C=O)=CC=C1
Isopulegone,CC1CCC(C(C)=C)C(=O)C1
2-Methylbenzaldehyde,CC1=CC=CC=C1C=O
(Z)-2-Hexenal,CCC\C=C/C=O
5-Methyl-2(3H)-furanone,CC1OC(=O)C=C1
Pentadecanoic acid,CCCCCCCCCCCCCCC(O)=O
4-Nonylphenol,CCCCCCCCCC1=CC=C(O)C=C1
Edulan I,CC1CC=C2C(C)(C)CC=CC2(C)O1
3-(Methylthio)-1-propanol,CSCCCO
gamma-Butyrolactone,O=C1CCCO1
Theaspirane (unknown isomer),CC1CCC2(O1)C(C)=CCCC2(C)C
Tetradecene (unknown isomer),CCCCCCCCCCCCC=C
"Methyl N,N-dimethylanthranilate",COC(=O)C1=CC=CC=C1N(C)C
Sclareol,CC(O)(CCC1C(C)(O)CCC2C(C)(C)CCCC12C)C=C
2-Methyldecane,CCCCCCCCC(C)C
Dodecyl acetate,CCCCCCCCCCCCOC(C)=O
Lilac alcohol,CC(CO)C1CCC(C)(O1)C=C
beta-Ionol,CC(O)\C=C\C1=C(C)CCCC1(C)C
Acetovanillone,COC1=C(O)C=CC(=C1)C(C)=O
4-Ethoxy-p-menth-1-ene,CCOC1(CCC(C)=CC1)C(C)C
cis-3-Ethoxy-p-menth-1-ene,CCOC1C=C(C)CCC1C(C)C
Propyl butyrate,CCCOC(=O)CCC
Ethyl pentanoate,CCCCC(=O)OCC
Cedryl acetate,CC1CCC2C(C)(C)C3CC12CCC3(C)OC(C)=O
2-Pentenal,CC\C=C/C=O
Ethyl tiglate,CCOC(=O)C(\C)=C\C
Tridecanoic acid,CCCCCCCCCCCCC(O)=O
alpha-Bourbonene,CC(C)C1CCC2(C)C3CC=C(C)C3C12
Aplotaxene,CC\C=C\C\C=C\C\C=C\CCCCCC=C
9-Decenal,C=CCCCCCCCC=O
4-Decenal,CCCCC\C=C/CCC=O
Pogostol,CC1CCC2C1CC(CCC2(C)O)C(C)=C
Kessane,CC1CCC2C1CC1CCC2(C)OC1(C)C
Faurinone,CC(C)C1CCC2(C)CCCC2C1C(C)=O
Rose oxide (unknown isomer),CC1CCOC(C1)C=C(C)C
Geranyl valerate,CCCCC(=O)OC\C=C(\C)CCC=C(C)C
Photocitral A,CC1CCC(C1C=O)C(C)=C
(E)-2-Hexenoic acid,CCC\C=C\C(O)=O
1-Phenylethyl acetate,CC(OC(C)=O)C1=CC=CC=C1
(Z)-3-Hexenoic acid,CC\C=C/CC(O)=O
4-Pentenoic acid,OC(=O)CCC=C
1-Heptadecene,CCCCCCCCCCCCCCCC=C
4-Ethylbenzaldehyde,CCC1=CC=C(C=O)C=C1
4-Methylbenzaldehyde,CC1=CC=C(C=O)C=C1
Benzyl propionate,CCC(=O)OCC1=CC=CC=C1
Butyl isobutyrate,CCCCOC(=O)C(C)C
1-Nitro-2-phenylethane,[O-][N+](=O)CCC1=CC=CC=C1
Cyclohexanone,O=C1CCCCC1
Acoragermacrone,CC(C)C1CC\C(C)=C/CC\C(C)=C/C1=O
Acolamone,[H][C@]12C(=C)CCC[C@]1(C)CC[C@@H](C(C)C)C2=O
Isoacolamone,CC(C)C1CCC2(C)CCC=C(C)C2C1=O
1-Pentadecene,CCCCCCCCCCCCCC=C
"3,5,5-Trimethyl-3-cyclohexen-1-one",CC1=CC(C)(C)CC(=O)C1
(E)-2-Heptenal,CCCC\C=C\C=O
"1,2,3-Trimethylbenzene",CC1=CC=CC(C)=C1C
Methyl dodecanoate,CCCCCCCCCCCC(=O)OC
alpha-Cyclocitral,CC1=CCCC(C)(C)C1C=O
[6]-Shogaol,CCCCCC=CC(=O)CCC1=CC(OC)=C(O)C=C1
[6]-Paradol,CCCCCCCC(=O)CCC1=CC(OC)=C(O)C=C1
Dihydro-alpha-ionone,CC(=O)CC[C@H]1C(C)=CCCC1(C)C
3-Penten-2-ol,[H]\C(C)=C(\[H])C(C)O
Ethyl anthranilate,CCOC(=O)C1=CC=CC=C1N
Thujan-3-ol,CC(O)=N[C@H](CSC(S)=NCCCC[S@](C)=O)C(O)=O
Isoelemicin,COC1=CC(\C=C\C)=CC(OC)=C1OC
Methyl 2-furoate,COC(=O)C1=CC=CO1
Methyl pentanoate,CCCCC(=O)OC
"1,2-Dimethoxy-4-methylbenzene",COC1=C(OC)C=C(C)C=C1
"2,4-Decadienal",CCCCC\C=C/C=C/C=O
Bovolide,CCCC\C=C1\OC(=O)C(C)=C1C
ar-Turmerone,C[C@@H](CC(=O)C=C(C)C)C1=CC=C(C)C=C1
"1,2-Dihydro-1,1,6-trimethylnaphthalene",CC1=CC2=C(C=C1)C(C)(C)CC=C2
"2,2-Dimethyl-5-(1-methyl-1-propenyl)-tetrahydrofuran",CC=C(C)[C@@H]1CCC(C)(C)O1
3-Hepten-2-one,CCC\C=C\C(C)=O
10-Undecenal,C=CCCCCCCCCC=O
Angelicin,[H]C1=C([H])C2=C(O1)C([H])=C([H])C1=C2OC(=O)C([H])=C1[H]
2-Octanol,CCCCCCC(C)O
7-Octen-4-ol,CCCC(O)CCC=C
"p-Menthane-3,8-diol",CC1CCC(C(O)C1)C(C)(C)O
Linalyl isobutyrate,CC(C)C(=O)OC(C)(CCC=C(C)C)C=C
Diethyl malonate,CCOC(=O)CC(=O)OCC
2-Acetyl-5-methylfuran,CC(=O)C1=CC=C(C)O1
Pyrrole,N1C=CC=C1
"2,3-Butanedione",CC(=O)C(C)=O
1-Hydroxy-2-propanone,CC(=O)CO
Pyridine,C1=CC=NC=C1
2-Acetylthiazole,CC(=O)C1=NC=CS1
"3-Methoxy-2,5-dimethylpyrazine",COC1=C(C)N=CC(C)=N1
1-Octadecanol,CCCCCCCCCCCCCCCCCCO
1-epi-Bicyclosesquiphellandrene,CC(C)C1CCC(C)C2CCC(=C)C=C12
"2-Ethyl-3,5-dimethylpyrazine",CCC1=C(C)N=C(C)C=N1
"2,3-Dimethylpyrazine",CC1=C(C)N=CC=N1
Ethyl nicotinate,CCOC(=O)C1=CN=CC=C1
Benzofuran,O1C=CC2=C1C=CC=C2
Tetramethylpyrazine,CC1=NC(C)=C(C)N=C1C
Methylpyrazine,CC1=CN=CC=N1
2-Hexylfuran,CCCCCCC1=CC=CO1
4-Hydroxybenzoic acid,OC(=O)C1=CC=C(O)C=C1
Quinoline,C1=CC=C2N=CC=CC2=C1
Pyrazine,C1=CN=CC=N1
"2,5-Dimethylpyrazine",CC1=CN=C(C)C=N1
Ethyl undecanoate,CCCCCCCCCCC(=O)OCC
Heptyl formate,CCCCCCCOC=O
1-Nonadecanol,CCCCCCCCCCCCCCCCCCCO
2-Methoxybenzaldehyde,COC1=CC=CC=C1C=O
p-Isopropylphenol,CC(C)C1=CC=C(O)C=C1
Citronellyl isobutyrate,CC(CCOC(=O)C(C)C)CCC=C(C)C
Citronellyl hexanoate,CCCCCC(=O)OCCC(C)CCC=C(C)C
Hexyl octanoate,CCCCCCCC(=O)OCCCCCC
Humulol,C\C1=C/CC(C)(C)\C=C\CC(C)(O)CCC1
Humuladienone,CC1C\C=C/C(C)(C)C\C=C(C)/CCC1=O
trans-Geranic acid,CC(C)=CCCC(C)=CC(O)=O
3-Methyl-2-butanol,CC(C)C(C)O
7-Dodecenal,CCCCC=CCCCCCC=O
5-Decenal,[H]\C(CCCC)=C(\[H])CCCC=O
Dimethyl sulfide,CSC
Hexane,CCCCCC
Methylcyclopentane,CC1CCCC1
2-Methyl-2-butenal (unknown isomer),C\C=C(\C)C=O
"2,4,5-Trimethoxybenzaldehyde",COC1=CC(OC)=C(OC)C=C1C=O
Mintsulfide,CC(C)C1CCC2(C)C3CCC(=C)C(S3)C12
Patchoulenone,CC1CCC2C(=O)C3=C(C)CCC13C2(C)C
Cycloseychellene,CC1CCC2(C)C3(C)C4CC2(C)C1CC34
2-Dodecanone (branched),CCCCCCCCCCC(C)=O
2-Tridecanone (branched),CCCCCCCCCCCC(C)=O
Pentane,CCCCC
"4,5-Dimethyl-2-ethylphenol",CCC1=CC(C)=C(C)C=C1O
Dimethyl disulfide,CSSC
Butyl propionate,CCCCOC(=O)CC
Linalyl hexanoate,CCCCCC(=O)OC(C)(CCC=C(C)C)C=C
Hexyl propionate,CCCCCCOC(=O)CC
Heptadecanoic acid,CCCCCCCCCCCCCCCCC(O)=O
Heptadecenoic acid (unknown isomer),CCCCCCCCCCCCCCC=CC(O)=O
alpha-Irone,CC1CC=C(C)C(\C=C\C(C)=O)C1(C)C
3-Methyl-2-butenoic acid,CC(C)=CC(O)=O
2-Acetyl-3-methylfuran,CC(=O)C1=C(C)C=CO1
(Z)-2-Decenal,[H]\C(CCCCCCC)=C(/[H])C=O
(Z)-alpha-Ocimene,CC(=C)CC\C=C(\C)C=C
Propyl hexanoate,CCCCCC(=O)OCCC
Methyl 4-(methylthio)butyrate,COC(=O)CCCSC
Propyl phenylacetate,CCCOC(=O)CC1=CC=CC=C1
Turmerone,CC(CC(=O)C=C(C)C)C1=CCC(C)=CC1
Curcumenone,CC(=O)CCC1C2CC(=C(C)C)C(=O)CC12C
Isocurcumenol,CC1CCC2C(=C)CC3(O)OC12CC3=C(C)C
Dehydrocurdione,CC1CC\C=C(C)/CC(=O)C(CC1=O)=C(C)C
Curdione,CC(C)C1CC(=O)C(C)CC\C=C(C)/CC1=O
Pentyl acetate,CCCCCOC(C)=O
Terpinolene oxide,CC1=CCC2(CC1)OC2(C)C
Dimethyl trisulfide,CSSSC
2-Dodecenal,CCCCCCCCC\C=C\C=O
2-Undecenal,CCCCCCCC\C=C\C=O
beta-Atlantone,CC(C)=CC(=O)CC(=C)C1CCC(C)=CC1
beta-Spathulene,CC1=CCC2C1C1C(CCC2=C)C1(C)C
Hexyl 2-methylbutanoate,CCCCCCOC(=O)C(C)CC
alpha-Terpinyl formate,CC1=CCC(CC1)C(C)(C)OC=O
Psoralen,O=C1OC2=CC3=C(C=CO3)C=C2C=C1
3-Phenylpropanoic acid,OC(=O)CCC1=CC=CC=C1
"(E,Z)-2,4-Heptadienal",CCC=CC=CC=O
Benzonitrile,N#CC1=CC=CC=C1
9-Octadecenal,CCCCCCCC\C=C\CCCCCCCC=O
Heraclenol,CC(C)(O)C(O)COC1=C2OC(=O)C=CC2=CC2=C1OC=C2
Xanthotoxin,COC1=C2OC(=O)C=CC2=CC2=C1OC=C2
Falcarinol,[H][C@](COC(=O)CCCCCCCCCCCC)(COC(=O)CCCCC\C=C/C\C=C/C\C=C/C\C=C/CCCCC)OC(=O)CCCCCCCCCCCCCCC
Imperatorin,CC(C)=CCOC1=C2OC(=O)C=CC2=CC2=C1OC=C2
Isopimpinellin,COC1=C2OC=CC2=C(OC)C2=C1OC(=O)C=C2
Falcarindiol,CCCCCCC\C=C/C(O)C#CC#CC(O)C=C
2-Methyl-2-pentenoic acid,CC\C=C(\C)C(O)=O
Propyl acetate,CCCOC(C)=O
Lavandulyl butyrate,CCCC(=O)OCC(CC=C(C)C)C(C)=C
Pentyl 2-methylbutyrate,CCCCCOC(=O)C(C)CC
Methyl (E)-3-hexenoate,CC\C=C/CC(=O)OC
Pentyl butanoate,CCCCCOC(=O)CCC
Ethyl 2-hexenoate,CCC\C=C\C(=O)OCC
4-Methyl-4-penten-2-one,CC(=C)CC(C)=O
Vulgarone B,CC1=CC(=O)C2C3C1C2(C)CCCC3(C)C
Costunolide,C\C1=C\CC\C(C)=C/C2OC(=O)C(=C)C2CC1
4-Ethylphenol,CCC1=CC=C(O)C=C1
"2,5-Dimethylphenol",CC1=CC(O)=C(C)C=C1
"2,6,6-Trimethyl-1-cyclohexen-1-acetaldehyde",CC1=C(CC=O)C(C)(C)CCC1
Capillene,CC#CC#CCC1=CC=CC=C1
alpha-Turmerone,CC(CC(=O)C=C(C)C)C1CC=C(C)C=C1
Isoleptospermone,CCC(C)C(=O)C1C(=O)C(C)(C)C(=O)C(C)(C)C1=O
trans-Jasmone,CC\C=C\CC1=C(C)CCC1=O
Geranyl benzoate,CC(C)=CCC\C(C)=C/COC(=O)C1=CC=CC=C1
Zonarene,CC(C)C1=C2C=C(C)CCC2[C@@H](C)CC1
3-Octenal,CCCC\C=C\CC=O
Zingiberol,CC(C)(O)CC1CCC2(C)CCCC(=C)C2C1
Isosafrole,C\C=C/C1=CC2=C(OCO2)C=C1
Butanal,CCCC=O
Methanethiol,CS
"2,5-Dimethylfuran",CC1=CC=C(C)O1
"2,3-Pentanedione",CCC(=O)C(C)=O
Methyl isobutyrate,COC(=O)C(C)C
5-Methyl-2-phenyl-2-hexenal,CC(C)C\C=C(\C=O)C1=CC=CC=C1
4-Methyl-2-phenyl-2-pentenal,CC(C)\C=C(/C=O)C1=CC=CC=C1
"1,3-Octadiene",CCCC\C=C\C=C
2-Isopropylfuran,CC(C)C1=CC=CO1
Squalene,CC(C)=CCC\C(C)=C/CC\C(C)=C\CC\C=C(/C)CC\C=C(/C)CCC=C(C)C
Carnosic acid,CC(C)C1=CC2=C(C(O)=C1O)C1(CCCC(C)(C)C1CC2)C(O)=O
beta-Sitosterol,[H][C@@]1(CC[C@@]2([H])[C@]3([H])CC=C4C[C@@H](O)CC[C@]4(C)[C@@]3([H])CC[C@]12C)[C@H](C)CC[C@@H](CC)C(C)C
Cirsimaritin,COC1=C(OC)C(O)=C2C(=O)C=C(OC2=C1)C1=CC=C(O)C=C1
Butyl hexanoate,CCCCCC(=O)OCCCC
Chamomillol,[H][C@@]12CCC(C)=C[C@]1([H])[C@](O)(CC[C@H]2C)C(C)C
Caryophyllene alcohol (unknown isomer),[H][C@]12CC(C)(C)[C@]1([H])CC[C@]1(C)CCC[C@@]2(O)C1
Cinnamyl cinnamate,O=C(OC\C=C\C1=CC=CC=C1)\C=C/C1=CC=CC=C1
Isobornyl formate,CC1(C)C2CCC1(C)C(C2)OC=O
Cyclohexanol,OC1CCCCC1
3-Pentanone,CCC(=O)CC
Menthyl lactate,CC(C)[C@@H]1CC[C@@H](C)C[C@H]1OC(=O)C(C)O
Dendrolasin,CC(C)=CCC\C(C)=C\CCC1=COC=C1
beta-Betulenol,CC1(C)CC2C1CC\C(CO)=C/CCC2=C
Coniferyl alcohol,[H]\C(CO)=C(/[H])C1=CC(OC)=C(O)C=C1
Aromadendrene epoxide,CC1CCC2C1C1C(CCC22CO2)C1(C)C
(Z)-9-Heptadecenoic acid,CCCCCCC\C=C\CCCCCCCC(O)=O
4-Methylcyclohexanone,CC1CCC(=O)CC1
Furanodiene,CC1=COC2=C1C\C=C(C)\CC\C=C(C)\C2
Aristolene,CC1CCCC2=CCC3C(C3(C)C)C12C
(Z)-2-Heptenal,CCCC\C=C/C=O
Linalyl formate,CC(C)=CCCC(C)(OC=O)C=C
beta-Santalol,C\C(CO)=C\CC[C@]1(C)[C@H]2CC[C@H](C2)C1=C
3-Heptanone,CCCCC(=O)CC
3-Heptanol,CCCCC(O)CC
Linalyl anthranilate,CC(C)=CCCC(C)(OC(=O)C1=CC=CC=C1N)C=C
Tetrahydrothiophene,C1CCSC1
3-Penten-2-one,C\C=C/C(C)=O
3-Ethylphenol,CCC1=CC(O)=CC=C1
Methyl acetate,COC(C)=O
Methyl (E)-2-octenoate,CCCCC\C=C/C(=O)OC
(-)-Mintlactone,OC1=C(C=O)C=C(C=C1)S(=O)(=O)C1=CC(C=O)=C(O)C=C1
2-Octenal,CCCCC\C=C/C=O
Cyclopentanone,O=C1CCCC1
Elemol acetate,CC(=O)OCC1CCC(C)(C=C)C(C(C)=C)C1(C)C
Phytyl acetate,CC(C)CCCC(C)CCCC(C)CCC\C(C)=C\COC(C)=O
Octyl 2-methylbutyrate,CCCCCCCCOC(=O)C(C)CC
Octyl octanoate,CCCCCCCCOC(=O)CCCCCCC
Furanogermenone,C[C@H]1CCC=C(C)CC2=C(CC1=O)C(C)=CO2
beta-Cadinol,[H][C@@]1(CC[C@](C)(O)C2([H])CCC(=C)CC12[H])C(C)C
Pinocarvyl acetate,CC(=O)OC1CC2CC(C1=C)C2(C)C
(E)-3-Decen-1-ol,[H]OC([H])([H])C([H])([H])C([H])=C([H])C([H])([H])C([H])([H])C([H])([H])C([H])([H])C([H])([H])C([H])([H])[H]
Methyl propyl trisulfide,CCCSSSC
(E)-1-Propenyl propyl disulfide,CCCSS\C=C/C
"3,4-Dimethylthiophene",CC1=CSC=C1C
Dimethyl tetrasulfide,CSSSSC
"1,2-Dimethoxy-4-vinylbenzene",COC1=C(OC)C=C(C=C)C=C1
1-(Methylthio)propyl propyl disulfide,CCCSSC(CC)SC
S-Methyl propanethioate,CCC(=O)SC
2-Methylhexanoic acid,CCCCC(C)C(O)=O
Isoamyl salicylate,CC(C)CCOC(=O)C1=CC=CC=C1O
Isobutyl salicylate,CC(C)COC(=O)C1=CC=CC=C1O
2-Vinylphenol,OC1=CC=CC=C1C=C
Cinnamyl butyrate,CCCC(=O)OC\C=C/C1=CC=CC=C1
Zedoarol,CC1CCC2C(=C)CC3=C(C(C)=CO3)C(=O)C12O
1-Octene,CCCCCCC=C
3-Methylpentyl angelate,[H]\C(C)=C(/C)C(=O)OCCC(C)CC
Anthemol,CC(C)C1=CC=C(CO)CC1
Propanal,CCC=O
2-Phenyl-2-butenal,C\C=C(\C=O)C1=CC=CC=C1
2-Phenylethyl pentanoate,CCCCC(=O)OCCC1=CC=CC=C1
Cinnamic acid,OC(=O)\C=C/C1=CC=CC=C1
Isoquinoline,C1=CC=C2C=NC=CC2=C1
3-Phenylpropyl cinnamate,O=C(OCCCC1=CC=CC=C1)\C=C\C1=CC=CC=C1
Geranylgeraniol,[H]\C(CO)=C(\C)CC\C([H])=C(/C)CC\C([H])=C(/C)CCC=C(C)C
Linalyl butyrate,CCCC(=O)OC(C)(CCC=C(C)C)C=C
Vulgarone A,CC1=CC2C3C(=O)C1C3(C)CCCC2(C)C
"5-Phenyl-1,3-pentadiyne",C#CC#CCC1=CC=CC=C1
Acorone,CC(C)C1C(=O)CC(C)C11CCC(C)C(=O)C1
Mustakone,CC(C)C1CCC2(C)C3C1C2C(=O)C=C3C
Cinnamyl isovalerate,CC(C)CC(=O)OC\C=C/C1=CC=CC=C1
Isointermedeol,CC(=C)C1CCC2(C)CCCC(C)(O)C2C1
Heptyl 2-methylbutyrate,CCCCCCCOC(=O)C(C)CC
Octyl formate,CCCCCCCCOC=O
Ethyl (E)-3-hexenoate,CCOC(=O)C\C=C/CC
trans-beta-Santalol,C\C(CO)=C/CC[C@]1(C)[C@H]2CC[C@H](C2)C1=C
Butyl phenylacetate,CCCCOC(=O)CC1=CC=CC=C1
"2,6-Dimethylphenol",CC1=CC=CC(C)=C1O
3-Methoxybenzaldehyde,COC1=CC(C=O)=CC=C1
(+)-alpha-Pinene,CC1=CC[C@@H]2C[C@H]1C2(C)C
(-)-beta-Phellandrene,[H][C@]1(CCC(=C)C=C1)C(C)C
(-)-alpha-Pinene,CC1=CC[C@@H]2C[C@H]1C2(C)C
(-)-beta-Pinene,CC1(C)[C@@H]2C[C@H]1C(=C)CC2
(+)-Camphene,CC1(C)[C@@H]2CC[C@@H](C2)C1=C
2-Hydroxy-4-methoxybenzaldehyde,COC1=CC(O)=C(C=O)C=C1
Methyl nicotinate,COC(=O)C1=CN=CC=C1
Methyl 3-hydroxyisovalerate,COC(=O)CC(C)(C)O
4-Methyl-5-vinylthiazole,CC1=C(SC=N1)C=C
Isobornyl isobutyrate,CC(C)C(=O)O[C@H]1C[C@@H]2CC[C@@]1(C)C2(C)C
Isobornyl 2-methylbutyrate,CCC(C)C(=O)OC1CC2CCC1(C)C2(C)C
Dihydro-2-methyl-3(2H)-furanone,CC1OCCC1=O
"2,4-Pentanedione",CC(=O)CC(C)=O
2-Octen-4-one,CCCCC(=O)\C=C/C
4-Methylpentanoic acid,CC(C)CCC(O)=O
2-Acetyl-3-ethylpyrazine,CCC1=NC=CN=C1C(C)=O
(+)-beta-Phellandrene,[H][C@]1(CCC(=C)C=C1)C(C)C
"3,4,5-Trimethoxycinnamic acid",COC1=CC(\C=C\C(O)=O)=CC(OC)=C1OC
"2,3-Hexanedione",CCCC(=O)C(C)=O
Nonadecanoic acid,CCCCCCCCCCCCCCCCCCC(O)=O
(Z)-3-Methyl-3-decenoic acid,CCCCCC\C=C(\C)CC(O)=O
Dibenzyl disulfide,C(SSCC1=CC=CC=C1)C1=CC=CC=C1
2-Phenylethyl hexanoate,CCCCCC(=O)OCCC1=CC=CC=C1
epi-beta-Santalol,C\C(CO)=C\CCC1(C)C2CCC(C2)C1=C
alpha-Santalal,C\C(C=O)=C\CCC1(C)C2CC3C(C2)C13C
beta-Santalal,C\C(C=O)=C\CCC1(C)C2CCC(C2)C1=C
Isogeranial,CC(C)=CC\C=C(/C)CC=O
Nicotine,CN1CCC[C@H]1C1=CN=CC=C1
5-Hydroxycalamenene,[H][C@]1(C)CC[C@]([H])(C(C)C)C2=C1C(O)=CC(C)=C2
"3-Hydroxy-4,5-dimethyl-2(5H)-furanone",CC1OC(=O)C(O)=C1C
beta-Panasinsene,CC1(C)CC23C1CCC2(C)CCCC3=C
alpha-Panasinsene,CC1=CCCC2(C)CCC3C(C)(C)CC123
beta-Neoclovene,CC1(C)CC23CCC1C2(C)CCCC3=C
Humulenol II,C\C1=C\CC(C)(C)\C=C/CC(=C)C(O)CC1
Isopropyl butyrate,CCCC(=O)OC(C)C
Isopropyl propionate,CCC(=O)OC(C)C
N-Phenyl-2-naphthylamine,N(C1=CC=CC=C1)C1=CC2=CC=CC=C2C=C1
Guaioxide,CC1CCC2C(C)CCC3CC12OC3(C)C
"2,3-Butanediol",CC(O)C(C)O
alpha-Damascone,C\C=C/C(=O)C1C(C)=CCCC1(C)C
Rotundone,CC1CC(=O)C2=C1CC(CCC2C)C(C)=C
Cyperolone,CC(=C)C1CCC2(C)CCC(O)C2(C1)C(C)=O
(Z)-6-Decenal,[H]\C(CCC)=C(/[H])CCCCC=O
"(Z)-1,5-Octadien-3-one",[H]\C(CC)=C(/[H])CC(=O)C=C
Isomaltol,CC(=O)C1=C(O)C=CO1
1-Penten-3-one,CCC(=O)C=C
1-Methyl-2-pyrrolecarboxaldehyde,CN1C=CC=C1C=O
Cyclododecane,C1CCCCCCCCCCC1
Dimethyl sulfoxide,CS(C)=O
Diphenylamine,N(C1=CC=CC=C1)C1=CC=CC=C1
Aniline,NC1=CC=CC=C1
Curlone,CC(CC(=O)C=C(C)C)C1CCC(=C)C=C1
Myristoleic acid,CCCC\C=C/CCCCCCCC(O)=O
1-Hydroxy-2-butanone,CCC(=O)CO
(E)-2-Octenoic acid,CCCCC\C=C/C(O)=O
2-Butyl-2-octenal,CCCCC\C=C(\CCCC)C=O
Octyl benzoate,CCCCCCCCOC(=O)C1=CC=CC=C1
"4-Hydroxy-3,5-dimethoxybenzaldehyde",COC1=CC(C=O)=CC(OC)=C1O
Pentanenitrile,CCCCC#N
Thiophene,S1C=CC=C1
3-Pentadecenal,CCCCCCCCCCC\C=C\CC=O
Isopropyl cinnamate,CC(C)OC(=O)\C=C/C1=CC=CC=C1
"1,3-Butanediol",CC(O)CCO
2-Propenal,C=CC=O
Methyl propyl disulfide,CCCSSC
(Z)-1-Propenyl propyl disulfide,CCCSS\C=C/C
"2,4-Dimethylthiophene",CC1=CC(C)=CS1
"2,5-Dimethylthiophene",CC1=CC=C(C)S1
"cis-3,5-Diethyl-1,2,4-trithiolane",CC[C@H]1SS[C@@H](CC)S1
Dipropyl tetrasulfide,CCCSSSSCCC
Dimethyl pentasulfide,CSSSSSC
"5-Ethyl-2,3-dimethylpyrazine",CCC1=CN=C(C)C(C)=N1
Furfuryl acetate,CC(=O)OCC1=CC=CO1
Decyl propionate,CCCCCCCCCCOC(=O)CC
Perillic acid,CC(=C)C1CCC(=CC1)C(O)=O
Ethyl 3-octenoate,CCCC\C=C\CC(=O)OCC
Dipropyl sulfide,CCCSCCC
9-Tetradecenal,CCCCC=CCCCCCCCC=O
"3,6-Undecadienal",CCCCCC\C=C\C=C\C=O
4-Hydroxybenzaldehyde,OC1=CC=C(C=O)C=C1
Vanillic acid,COC1=C(O)C=CC(=C1)C(O)=O
Isopropyl formate,CC(C)OC=O
Ethyl 1-(methylthio)propyl disulfide,CCSSC(CC)SC
1-Propenyl propyl sulfide,CCCS\C=C\C
2-Methylpentanal,CCCC(C)C=O
